"MonthlyIncome","ActiveSinceDays","Age","Graduate","Married","Single","NoOfChildren","NoOfTeenager","NoOfDaysSinceLastPurchase","NoOfDealsWithDiscount","NoOfWebPurchase","NoOfCatalogPurchase","NoOfStorePurchase","NoOfWebVisitsMonth","TotalNoOfCampaignAccepted","CustomerComplain","Cluster"
58138,2822,63,1,0,1,0,0,58,3,8,10,4,7,0,0,0
46344,2272,66,1,0,1,0,0,38,2,1,1,2,5,0,0,1
71613,2471,55,1,1,0,0,0,26,1,8,2,10,4,0,0,0
26646,2298,36,1,1,0,1,0,26,2,2,0,4,6,0,0,1
58293,2320,39,1,1,0,1,0,94,5,5,3,6,5,0,0,0
62513,2452,53,1,1,0,0,1,16,2,6,4,10,6,0,0,0
55635,2752,49,1,0,1,0,0,34,4,7,3,7,6,0,0,0
33454,2576,35,1,1,0,1,0,32,2,4,0,4,8,0,0,1
30351,2547,46,1,1,0,1,0,19,1,3,0,2,9,0,0,1
5648,2267,70,1,1,0,1,1,68,1,1,0,0,20,1,0,1
7500,2752,44,0,1,0,0,0,59,1,2,0,3,8,0,0,1
63033,2385,61,1,0,1,0,0,82,1,3,4,8,2,0,0,0
59354,2385,68,1,0,1,0,0,53,3,6,1,5,6,0,0,0
17323,2786,33,1,1,0,0,0,38,1,1,0,3,8,0,0,1
82800,2741,74,1,0,1,0,0,23,1,7,6,12,3,2,0,0
41850,2711,40,1,1,0,1,1,51,3,3,0,3,8,0,0,1
37760,2826,74,1,1,0,0,0,20,2,4,1,6,7,0,0,1
76995,2617,71,1,1,0,0,1,91,2,11,4,9,5,1,0,0
33812,2762,35,0,0,1,0,0,86,2,2,1,3,6,0,0,1
37040,2849,38,1,1,0,0,0,41,1,4,2,5,8,0,0,1
2447,2698,41,1,1,0,1,0,42,15,0,28,0,1,0,0,1
58607,2712,71,1,1,0,0,1,63,3,2,3,9,8,1,0,0
65324,2328,66,1,1,0,0,1,0,3,6,2,9,4,0,0,0
40689,2627,69,1,1,0,0,1,69,7,7,1,5,8,0,0,1
18589,2702,51,1,0,1,0,0,89,2,2,1,3,7,0,0,1
53359,2557,44,1,1,0,1,1,4,4,5,1,4,7,0,0,0
38360,2553,31,1,1,0,1,0,26,2,2,1,4,3,0,0,1
84618,2378,55,1,1,0,0,0,96,1,6,9,10,2,1,0,0
10979,2197,31,1,0,1,0,0,34,2,3,0,3,5,0,0,1
38620,2573,57,1,1,0,0,0,56,1,2,5,3,3,0,0,1
40548,2786,50,1,1,0,0,1,31,2,2,1,4,5,1,0,1
46610,2767,68,1,0,1,0,0,8,6,4,1,6,6,0,0,1
68657,2653,74,1,1,0,0,0,4,1,3,5,9,7,0,0,0
49389,2463,69,1,0,1,0,0,55,1,2,0,3,7,0,0,1
67353,2339,50,1,1,0,0,1,37,5,5,6,12,2,0,0,0
23718,2459,44,0,1,0,1,0,76,3,3,1,2,7,0,0,1
42429,2297,47,1,0,1,0,0,99,2,1,1,3,5,0,0,1
48948,2672,77,1,0,1,0,0,53,2,7,10,5,6,1,0,1
80011,2585,40,1,1,0,0,1,3,2,8,6,5,4,0,0,0
20559,2633,35,1,1,0,1,0,88,2,2,0,3,8,0,0,1
21994,2711,63,1,1,0,0,1,4,1,0,0,3,5,0,0,1
7500,2429,45,1,1,0,1,0,19,3,2,0,3,5,0,0,1
79941,2160,44,1,0,1,0,0,72,1,2,4,9,1,0,0,0
7500,2756,24,0,1,0,0,0,24,3,3,1,3,9,0,0,1
41728,2560,52,1,1,0,1,0,92,1,2,0,2,10,0,0,1
72550,2757,66,1,1,0,1,1,39,9,5,2,12,8,0,0,0
65486,2207,63,1,0,1,0,0,29,1,4,2,10,2,0,0,0
79143,2846,56,1,1,0,0,0,2,1,6,9,13,3,0,0,0
35790,2702,43,1,0,1,0,0,54,2,2,0,3,7,0,0,1
82582,2181,43,1,0,1,0,0,54,1,4,9,7,1,2,0,0
66373,2541,42,1,1,0,1,1,57,7,4,2,10,3,0,0,0
82384,2746,65,1,1,0,0,0,55,1,3,10,13,1,1,0,0
70287,2612,54,1,0,1,0,0,30,1,5,5,10,3,0,0,0
27938,2221,32,1,0,1,0,0,31,1,1,0,4,3,0,0,1
55954,2277,52,1,1,0,0,1,63,3,8,2,6,7,0,0,0
75777,2519,38,1,0,1,0,0,12,1,3,6,11,1,2,0,0
66653,2819,45,1,1,0,1,1,18,4,4,2,12,3,0,0,0
61823,2655,68,1,0,1,0,0,26,4,8,2,10,7,0,0,0
67680,2542,69,1,0,1,0,0,8,1,7,3,8,5,0,0,0
70666,2364,72,1,1,0,0,0,29,1,7,4,4,4,0,0,0
25721,2563,49,1,1,0,1,0,75,1,1,1,2,7,0,0,1
32474,2208,53,1,1,0,1,1,0,1,1,0,2,7,0,0,1
88194,2261,41,0,0,1,0,0,19,1,11,10,10,5,2,0,0
69096,2434,62,1,1,0,0,1,4,1,5,2,10,4,0,0,0
74854,2606,50,1,1,0,1,2,90,7,2,5,5,5,0,0,0
66991,2815,66,1,1,0,0,0,1,3,4,8,6,3,0,0,0
65031,2628,61,1,1,0,0,1,29,4,10,3,13,7,0,0,0
60631,2609,45,1,1,0,1,1,88,5,9,2,8,7,1,0,0
28332,2219,68,1,1,0,0,0,58,1,2,1,4,2,0,0,1
40246,2716,43,1,0,1,0,0,68,1,1,0,2,6,0,0,1
75251,2830,48,1,1,0,0,0,34,1,7,6,5,5,0,0,0
75825,2784,44,1,0,1,0,0,40,0,5,8,9,4,1,0,0
26326,2457,44,0,1,0,0,0,12,1,0,0,3,3,0,1,1
56046,2702,55,1,1,0,0,0,9,2,10,1,8,8,1,0,0
29760,2828,35,1,0,1,0,0,87,4,3,1,4,8,0,0,1
26304,2530,51,1,1,0,1,0,5,1,1,0,2,7,0,0,1
23559,2520,47,0,1,0,1,0,87,3,3,0,3,7,0,0,1
38620,2573,57,1,1,0,0,0,56,1,2,5,3,3,0,0,1
81361,2283,33,1,0,1,0,0,18,1,3,10,13,1,0,0,0
29440,2481,60,1,1,0,1,1,95,2,1,0,4,7,0,0,1
36138,2507,50,1,1,0,1,1,48,5,3,1,4,7,1,0,1
50388,2191,63,1,0,1,0,0,3,4,6,1,6,7,2,0,1
79593,2207,47,1,1,0,0,0,70,1,5,6,7,2,1,0,0
54178,2318,53,1,1,0,0,1,79,1,2,2,5,2,0,0,0
42394,2257,48,1,0,1,0,0,69,1,1,0,3,7,0,0,1
23626,2195,50,1,1,0,1,0,84,3,3,1,3,5,0,0,1
30096,2197,37,1,1,0,1,0,30,1,2,0,3,6,0,0,1
47916,2743,60,1,0,1,0,0,72,5,7,4,6,6,1,0,1
51813,2603,48,1,0,1,0,0,37,2,2,0,3,7,0,0,1
78497,2369,69,0,1,0,0,0,44,1,5,7,12,2,1,0,0
50150,2533,37,1,1,0,0,0,32,2,5,2,7,5,0,0,1
47823,2500,60,0,0,1,0,0,0,2,2,0,3,8,0,0,1
34554,2250,61,1,0,1,0,0,43,2,2,0,3,6,0,0,1
85693,2594,41,1,1,0,0,1,59,2,9,5,11,5,0,0,0
65846,2567,75,1,1,0,0,0,68,1,6,3,6,4,0,0,0
87195,2211,61,1,1,0,0,0,35,1,3,11,5,1,0,0,0
24594,2360,41,0,1,0,1,0,94,1,1,0,3,5,0,0,1
49096,2437,56,1,1,0,1,1,15,4,4,1,4,7,0,0,1
52413,2671,51,1,1,0,0,2,56,4,6,4,12,6,0,0,0
38557,2716,42,1,0,1,0,0,17,2,3,1,3,7,0,0,1
89058,2728,60,1,1,0,0,0,18,1,5,4,4,2,0,0,0
77298,2398,41,1,1,0,0,1,46,1,6,6,11,3,0,0,0
68126,2755,29,1,0,1,0,0,40,1,7,4,5,9,1,0,0
57288,2163,57,1,1,0,0,1,27,3,8,1,8,6,1,0,0
86037,2702,29,1,0,1,0,0,95,1,6,7,11,3,2,0,0
43974,2723,40,1,1,0,1,0,19,5,6,4,6,7,0,0,1
50785,2451,58,1,0,1,0,0,27,2,2,1,3,6,0,0,1
90765,2315,50,1,1,0,0,0,25,0,4,6,5,1,2,0,0
36550,2654,42,0,1,0,1,0,74,5,9,1,5,9,0,0,1
30753,2512,53,0,1,0,1,1,85,2,1,1,3,5,0,0,1
21918,2386,51,1,1,0,1,0,37,2,2,0,3,6,0,0,1
56129,2533,67,1,1,0,0,1,65,4,6,2,10,4,0,0,0
32557,2284,53,1,0,1,0,0,13,3,2,1,3,5,0,0,1
19510,2457,35,1,1,0,2,0,63,2,1,0,3,7,0,0,1
30992,2592,44,1,0,1,0,0,83,1,1,0,3,7,0,0,1
101970,2633,37,1,0,1,0,0,69,0,6,8,13,2,3,0,0
71488,2655,55,0,1,0,0,0,87,2,3,4,7,1,0,0,0
79607,2593,36,1,0,1,0,0,37,1,3,6,6,1,0,0,0
54348,2180,67,1,1,0,1,1,51,2,2,0,4,6,0,0,0
77376,2209,64,1,1,0,1,1,72,4,6,3,10,4,0,0,0
62998,2431,68,1,1,0,0,1,10,5,5,4,5,5,0,0,0
61331,2635,62,1,0,1,0,0,42,5,11,1,6,8,0,0,0
73448,2298,51,1,1,0,0,0,10,1,7,2,9,4,0,0,0
41551,2478,56,1,1,0,1,1,51,5,5,1,5,8,0,0,1
62981,2628,53,1,1,0,0,0,21,1,4,5,13,3,1,0,0
9548,2849,44,0,0,1,0,0,31,2,1,0,3,8,0,0,1
33762,2516,61,1,1,0,2,1,61,3,2,2,2,8,0,0,1
35860,2200,47,1,0,1,0,0,37,2,1,1,2,5,1,0,1
36921,2495,55,1,0,1,0,0,74,2,2,0,3,7,0,0,1
92859,2777,28,1,0,1,0,0,46,1,5,4,12,2,0,0,0
65104,2386,44,1,1,0,0,1,4,2,3,5,7,7,0,0,0
86111,2595,58,1,1,0,0,0,73,1,5,7,10,2,0,0,0
68352,2464,46,1,0,1,0,0,47,3,8,5,9,6,0,0,0
41883,2626,32,1,1,0,1,0,13,3,4,2,3,7,0,0,1
59809,2778,44,1,1,0,0,2,36,3,3,3,6,8,0,0,0
23957,2768,45,1,1,0,1,0,47,1,2,0,3,6,0,0,1
38547,2464,39,1,1,0,1,0,49,1,1,0,2,8,0,1,1
35688,2835,47,0,1,0,2,1,94,7,4,1,4,8,0,0,1
49605,2167,54,1,1,0,0,0,65,1,2,1,4,3,0,0,1
59354,2225,67,1,1,0,0,2,59,1,4,4,7,3,0,0,0
65747,2273,51,1,1,0,0,1,96,4,8,1,6,6,1,0,0
46344,2721,48,0,1,0,0,1,28,4,7,1,5,7,0,0,1
34176,2207,32,1,0,1,0,0,12,4,3,0,4,6,0,0,1
61010,2787,68,1,1,0,0,1,57,2,8,5,11,5,0,0,0
69372,2654,71,1,1,0,0,0,10,1,10,4,6,4,2,0,0
49967,2515,62,1,0,1,0,0,4,3,6,1,5,7,0,0,1
60199,2449,42,1,0,1,0,0,49,1,0,0,3,4,0,0,0
55375,2414,43,1,1,0,0,1,3,1,1,1,6,2,0,0,0
80317,2472,65,1,0,1,0,0,64,1,3,4,10,1,0,0,0
30523,2522,62,1,0,1,0,0,0,1,1,0,2,7,0,0,1
70356,2760,75,1,1,0,0,0,20,2,10,6,9,6,0,0,0
23228,2334,36,1,1,0,1,0,91,4,3,0,4,8,0,0,1
74165,2583,45,1,0,1,0,0,9,1,5,4,10,2,0,0,0
43482,2387,54,1,1,0,2,1,83,3,2,0,4,6,0,0,1
62551,2382,67,1,0,1,0,0,27,1,6,7,4,3,1,0,0
52332,2464,61,1,0,1,0,0,63,1,3,2,6,4,1,0,0
66951,2398,32,1,0,1,0,0,46,1,3,4,7,1,0,0,0
26091,2283,63,1,1,0,1,1,84,3,2,1,3,5,0,0,1
33456,2228,55,1,1,0,1,1,58,2,1,0,3,7,0,0,1
28718,2510,38,1,1,0,1,0,78,2,2,0,3,8,0,0,1
50447,2228,50,1,1,0,2,0,4,1,3,1,3,6,0,0,1
53537,2309,61,1,1,0,1,1,17,2,2,1,3,5,0,0,0
52074,2245,53,1,0,1,0,0,77,1,2,2,2,4,1,0,0
80427,2814,45,1,1,0,0,1,56,1,11,8,8,5,0,0,0
83837,2719,72,1,1,0,0,0,79,1,9,10,5,4,2,0,0
38853,2196,50,1,1,0,1,1,90,2,2,0,3,7,0,0,1
38285,2164,61,1,1,0,2,1,96,1,0,0,3,2,0,0,1
78497,2369,69,0,1,0,0,0,44,1,5,7,12,2,1,0,0
51650,2208,44,1,1,0,0,1,81,1,4,1,4,5,0,0,1
16248,2209,32,0,1,0,1,0,77,3,2,1,3,6,0,0,1
66835,2433,74,1,1,0,0,0,21,1,6,4,13,2,0,0,0
30477,2317,36,1,1,0,1,0,16,1,1,1,3,6,0,0,1
28249,2173,59,0,1,0,0,0,80,1,2,0,3,6,0,0,1
25271,2730,37,1,1,0,1,0,45,1,1,1,2,9,0,0,1
32303,2272,50,1,0,1,0,0,63,2,1,0,4,5,0,0,1
61286,2490,54,1,1,0,0,1,34,2,7,1,8,5,0,0,0
74068,2626,44,1,1,0,0,0,14,1,4,10,9,2,0,0,0
45759,2650,56,1,1,0,1,1,13,2,2,0,3,7,0,0,1
24882,2817,42,0,1,0,1,0,52,1,1,1,2,6,1,0,1
66973,2567,31,1,1,0,0,0,98,1,8,7,12,3,0,0,0
38872,2554,32,1,1,0,1,0,93,2,3,0,3,8,0,0,1
51148,2655,47,1,1,0,1,1,38,4,5,1,6,6,0,0,1
31353,2341,43,1,1,0,1,1,24,2,1,1,2,8,0,0,1
69661,2206,40,1,1,0,0,0,80,1,7,3,12,3,0,0,0
80067,2442,66,1,1,0,0,0,82,1,4,6,6,2,1,0,0
86718,2687,66,1,1,0,0,0,20,1,5,6,5,2,0,0,0
46854,2249,47,1,0,1,0,0,81,6,5,1,3,8,1,0,1
69142,2159,68,1,0,1,0,0,50,3,8,1,7,5,1,0,0
75922,2361,52,1,0,1,0,0,60,1,4,4,9,1,0,0,0
63693,2417,42,1,0,1,0,0,63,3,11,6,9,6,0,0,0
102160,2763,43,1,1,0,0,0,54,0,7,9,10,4,3,0,0
40637,2506,55,1,0,1,0,0,72,2,1,0,3,7,0,0,1
18890,2755,36,1,0,1,0,0,5,1,0,1,2,6,1,0,1
29604,2362,32,1,1,0,1,0,88,1,1,0,3,9,1,0,1
48721,2571,57,1,0,1,0,0,50,6,4,2,5,6,0,0,1
44794,2180,54,1,1,0,0,1,99,1,2,0,3,6,0,0,1
64497,2816,66,1,0,1,0,0,17,5,11,4,9,8,1,0,0
46097,2614,64,1,1,0,0,1,11,5,3,1,6,4,0,0,1
77972,2262,66,1,1,0,0,0,18,1,4,6,9,1,0,0,0
44377,2791,52,1,1,0,1,1,70,8,5,1,5,8,0,0,1
46014,2683,46,1,1,0,1,1,21,10,7,1,8,7,0,0,1
70951,2580,35,1,1,0,0,0,66,1,3,4,9,1,0,0,0
41443,2248,43,1,1,0,1,0,79,6,8,1,5,8,0,0,1
52195,2207,42,0,0,1,0,0,2,1,1,0,2,8,0,0,0
83790,2385,72,1,1,0,0,0,81,1,8,10,6,3,2,0,0
44551,2461,66,1,0,1,0,0,24,2,4,1,5,7,0,0,1
69508,2751,40,1,1,0,1,0,48,2,11,4,11,6,0,0,0
45204,2238,32,0,1,0,1,0,93,1,1,1,4,3,0,0,1
72460,2386,51,1,1,0,0,0,56,1,3,5,7,1,0,0,0
77622,2235,50,1,1,0,0,2,3,2,6,3,11,3,0,0,0
30732,2699,40,1,1,0,1,0,44,4,4,1,4,8,0,0,1
63887,2818,58,1,0,1,0,0,38,5,9,6,12,6,0,0,0
42011,2619,42,1,1,0,1,0,46,4,3,1,4,8,0,0,1
51369,2771,44,1,1,0,0,1,84,2,8,2,4,8,0,0,1
51537,2726,68,1,0,1,0,0,27,3,2,2,11,8,0,0,1
79930,2849,48,1,1,0,0,0,72,1,3,5,8,2,0,0,0
34320,2292,34,1,1,0,1,0,66,1,1,0,2,8,0,0,1
37070,2625,54,1,0,1,0,0,30,9,5,1,8,7,0,0,1
81975,2699,58,0,0,1,0,0,2,1,6,3,4,7,1,0,0
38590,2569,49,1,1,0,1,0,65,1,1,0,2,8,0,0,1
15033,2233,69,1,0,1,0,0,37,1,1,0,3,3,0,0,1
62745,2622,55,1,1,0,0,1,89,3,7,8,11,5,0,0,0
22212,2361,45,0,1,0,1,0,49,2,2,0,4,6,0,0,1
23661,2366,38,1,1,0,1,0,46,1,1,0,3,7,0,0,1
79761,2427,62,1,0,1,0,0,32,1,5,2,11,3,0,0,0
7500,2344,47,1,0,1,0,0,54,4,3,1,3,7,0,0,1
73455,2403,52,1,0,1,0,0,98,1,6,5,10,3,1,0,0
64961,2712,62,1,1,0,0,1,97,2,6,4,4,3,0,0,0
22804,2492,49,1,0,1,0,0,75,1,2,0,2,9,0,0,1
73687,2372,30,1,1,0,0,0,8,1,3,9,9,2,1,0,0
61074,2840,62,1,1,0,0,1,37,7,11,5,8,7,0,0,0
31686,2183,56,1,1,0,1,1,31,2,1,0,3,6,0,0,1
80134,2564,48,1,1,0,1,0,40,2,5,3,6,6,3,0,0
75027,2695,67,1,1,0,0,1,74,2,9,4,6,5,0,0,0
67546,2826,32,1,1,0,0,0,90,1,4,10,5,3,0,0,0
65176,2767,51,1,1,0,0,1,57,4,9,6,6,6,0,0,0
31160,2445,45,1,0,1,0,0,59,2,2,0,3,8,0,0,1
29938,2404,35,1,0,1,0,0,52,2,1,0,3,6,0,0,1
102692,2609,46,1,0,1,0,0,5,1,6,9,13,2,4,0,0
26490,2804,62,0,1,0,0,0,92,2,3,1,5,6,0,0,1
75702,2828,53,1,1,0,1,1,77,5,4,6,11,8,0,0,0
30899,2783,46,1,0,1,0,0,35,2,1,0,3,6,0,0,1
63342,2780,59,1,1,0,0,1,48,3,8,3,5,6,1,0,0
45989,2774,56,1,0,1,0,0,97,4,3,2,7,3,0,0,1
18701,2549,56,1,0,1,0,0,95,4,2,0,4,5,0,0,1
40737,2362,63,1,0,1,0,0,24,1,1,0,2,8,0,0,1
15287,2786,41,1,0,1,0,0,60,2,1,1,2,7,1,0,1
69674,2562,52,1,0,1,0,0,46,3,10,2,10,5,0,0,0
44159,2171,50,1,1,0,1,0,85,4,4,1,6,5,0,0,1
37717,2742,42,1,1,0,1,0,31,1,1,0,2,9,0,0,1
43776,2670,68,1,1,0,1,1,9,6,5,2,4,8,0,0,1
38179,2631,54,1,1,0,1,1,30,4,3,1,3,7,0,0,1
80124,2162,57,1,1,0,0,0,47,1,3,7,8,1,1,0,0
38097,2781,50,1,1,0,1,1,70,4,3,2,2,7,1,0,1
72940,2534,50,1,1,0,0,0,13,1,3,3,6,1,0,0,0
22070,2427,50,1,1,0,1,0,11,2,2,2,2,6,0,0,1
69267,2804,67,1,0,1,0,0,31,2,3,4,5,7,0,0,0
31788,2260,37,1,0,1,0,0,15,3,3,0,4,5,0,1,1
61905,2304,45,1,1,0,0,1,2,2,4,2,4,5,0,0,0
29315,2243,60,1,1,0,1,1,55,4,2,0,4,6,0,0,1
33378,2667,57,1,0,1,0,0,38,3,2,0,4,7,0,0,1
66313,2445,57,1,1,0,0,1,86,2,6,3,12,4,0,0,0
60714,2687,64,1,0,1,0,0,56,2,7,4,10,5,0,0,0
77882,2219,39,1,1,0,0,0,29,1,3,3,5,1,0,0,0
69867,2612,34,1,0,1,0,0,30,1,3,5,8,1,1,0,0
63841,2593,52,1,0,1,0,0,64,1,9,3,9,6,0,0,0
24480,2662,39,0,1,0,1,0,46,3,3,0,4,7,0,0,1
51369,2771,44,1,1,0,0,1,84,2,8,2,4,8,0,0,1
37760,2826,74,1,1,0,0,0,20,2,4,1,6,7,0,0,1
65640,2279,46,1,1,0,0,1,74,1,5,1,8,2,0,0,0
44319,2232,45,1,1,0,1,1,18,2,2,0,3,5,0,0,1
30631,2511,46,1,1,0,1,0,75,1,3,1,2,7,0,0,1
75278,2675,68,1,1,0,0,0,17,1,6,3,13,3,0,0,0
50898,2696,64,1,1,0,1,1,88,13,6,2,12,5,0,0,1
79946,2207,54,1,0,1,0,0,19,1,5,11,5,3,0,0,0
35416,2540,71,1,0,1,0,0,62,3,7,1,5,8,0,0,1
32414,2519,36,0,1,0,0,0,11,1,1,0,3,7,1,0,1
38361,2343,51,1,1,0,1,0,74,3,3,1,3,7,0,0,1
82497,2765,40,1,1,0,0,0,32,1,2,7,9,4,1,0,0
16626,2324,49,1,1,0,2,0,76,3,3,0,3,9,0,0,1
29672,2633,55,1,1,0,1,1,6,1,0,0,3,6,0,0,1
55951,2834,68,1,1,0,0,1,62,3,3,6,11,8,2,0,0
35388,2638,32,0,0,1,0,0,20,1,1,0,3,7,0,0,1
42386,2691,34,1,1,0,1,0,43,1,3,0,3,8,0,0,1
68627,2692,38,1,0,1,0,0,45,1,2,3,6,1,0,0,0
57912,2263,55,1,0,1,0,0,34,5,8,3,12,5,1,0,0
35246,2233,62,1,0,1,0,0,53,4,3,1,3,5,0,0,1
58821,2419,64,0,1,0,0,1,44,1,9,2,9,6,0,0,0
46377,2279,42,1,1,0,1,0,89,1,2,1,3,4,0,0,1
39747,2236,32,1,0,1,0,0,43,3,5,1,4,8,0,0,1
23976,2343,36,1,1,0,1,0,68,3,3,1,3,7,0,0,1
80950,2617,59,1,1,0,0,0,44,1,6,7,9,2,1,0,0
27038,2808,54,1,0,1,0,0,64,1,3,0,3,9,0,0,1
77457,2275,73,1,0,1,0,0,85,1,2,5,10,1,1,0,0
64100,2451,56,1,1,0,0,1,93,1,8,3,6,7,1,0,0
42670,2587,28,1,1,0,0,0,12,1,4,2,4,4,0,0,1
12571,2321,44,1,0,1,0,0,86,4,3,1,3,6,0,0,1
22574,2403,53,1,1,0,2,1,28,2,2,0,3,7,0,0,1
70893,2667,44,1,0,1,0,0,42,1,6,6,10,3,0,0,0
54198,2353,54,1,1,0,1,1,13,6,3,1,6,4,0,0,0
28839,2269,64,1,1,0,1,1,86,2,2,0,3,5,0,0,1
40321,2494,48,1,1,0,1,1,59,2,3,0,3,7,0,0,1
66503,2843,35,1,0,1,0,0,30,2,4,3,6,3,0,0,0
30833,2507,69,1,1,0,1,1,33,2,1,0,3,5,0,0,1
64795,2687,49,1,1,0,0,1,23,3,3,3,12,2,0,0,0
34421,2522,46,1,1,0,1,0,81,1,1,0,2,7,0,0,1
47025,2299,55,1,0,1,0,0,6,1,1,0,2,7,0,0,1
64325,2666,59,1,0,1,0,0,41,5,10,3,5,7,0,0,0
40464,2693,67,1,0,1,0,0,78,6,8,2,8,8,0,0,1
62187,2518,63,1,1,0,0,0,49,1,4,8,5,3,0,0,0
14849,2521,44,1,0,1,0,0,39,3,2,0,4,8,0,0,1
27255,2393,36,1,1,0,1,0,3,1,1,0,3,7,0,0,1
54432,2575,70,1,1,0,2,1,37,1,1,0,3,4,0,0,0
29999,2660,34,1,0,1,0,0,22,4,3,1,4,8,0,0,1
24072,2598,37,1,0,1,0,0,79,1,1,0,2,8,0,0,1
33996,2450,31,1,0,1,0,0,46,1,1,1,3,4,0,0,1
66334,2611,64,1,1,0,0,1,82,2,9,3,5,5,0,0,0
35178,2694,49,1,1,0,1,0,10,1,1,1,2,7,1,0,1
22010,2523,37,1,1,0,1,0,51,2,2,0,3,8,0,0,1
62204,2814,60,1,0,1,0,0,38,1,4,5,12,3,0,0,0
75693,2729,52,1,0,1,0,0,10,1,11,4,6,4,3,0,0
30675,2753,48,1,1,0,1,0,14,1,1,0,3,8,0,0,1
83003,2642,55,1,1,0,0,0,18,1,7,6,8,3,1,0,0
68655,2847,32,1,0,1,0,0,95,1,4,5,11,3,0,0,0
41411,2363,34,1,0,1,0,0,11,1,2,1,4,6,0,0,1
55212,2742,51,1,1,0,0,1,65,3,4,2,11,8,2,0,0
59292,2540,70,1,1,0,0,1,71,2,3,5,8,3,0,0,0
27190,2477,47,0,1,0,1,0,13,1,1,0,2,8,1,0,1
82623,2390,68,1,0,1,0,0,58,1,2,9,4,1,0,0,0
44300,2530,55,1,1,0,1,1,65,2,1,0,3,6,0,0,1
84835,2172,50,1,0,1,0,0,0,1,4,4,6,1,0,0,0
30372,2710,49,1,0,1,0,0,33,3,2,0,3,7,0,0,1
33181,2336,44,1,1,0,1,0,90,1,1,0,2,6,1,0,1
71113,2353,63,1,1,0,0,1,95,4,6,7,9,4,0,0,0
71952,2694,34,1,1,0,1,0,93,2,8,4,8,4,2,0,0
69759,2403,54,1,0,1,0,0,38,3,4,6,5,3,0,0,0
72099,2769,46,1,1,0,0,0,18,1,3,4,10,1,0,0,0
60000,2713,44,1,0,1,0,0,57,5,11,3,5,6,0,0,0
38643,2371,42,1,0,1,0,0,45,2,2,0,3,7,0,1,1
50737,2573,65,1,1,0,0,1,61,1,2,0,4,6,1,0,1
68462,2723,51,1,1,0,0,0,6,1,3,3,8,1,0,0,0
65073,2472,77,1,1,0,0,0,65,1,5,3,5,2,0,1,0
46681,2423,72,1,1,0,0,2,52,2,4,6,4,5,0,0,1
78618,2798,63,1,1,0,0,0,87,1,4,7,10,2,1,0,0
62187,2258,51,1,0,1,0,0,38,3,6,2,10,4,0,0,0
28442,2284,42,1,1,0,2,0,53,3,2,1,4,4,0,0,1
37717,2742,42,1,1,0,1,0,31,1,1,0,2,9,0,0,1
51479,2707,53,1,1,0,1,1,67,7,6,3,6,7,0,0,1
54803,2836,51,1,0,1,0,0,65,2,6,2,9,4,0,0,0
79530,2567,60,1,1,0,0,0,64,1,4,10,11,2,0,0,0
31615,2629,44,1,0,1,0,0,82,2,2,0,3,7,0,0,1
72025,2748,58,1,1,0,0,0,27,1,4,3,8,3,0,0,0
52614,2734,45,1,0,1,0,0,63,2,2,4,8,8,0,0,0
35684,2227,36,0,1,0,1,0,66,1,1,0,3,6,0,0,1
48178,2768,45,1,1,0,1,1,69,6,5,1,4,8,0,0,1
29548,2463,50,1,0,1,0,0,52,1,1,1,2,4,1,0,1
63810,2754,54,1,0,1,0,0,45,4,4,3,12,8,1,0,0
38578,2531,48,1,0,1,0,0,2,3,3,0,3,8,0,0,1
46098,2839,45,1,0,1,0,0,86,4,3,2,2,8,0,0,1
22585,2627,50,1,0,1,0,0,23,1,1,1,2,9,1,0,1
30279,2705,31,1,0,1,0,0,13,1,1,0,3,8,0,0,1
66426,2429,59,1,1,0,0,1,14,2,3,5,10,6,0,0,0
30822,2539,51,1,0,1,0,0,92,1,1,0,3,7,0,0,1
33581,2696,51,1,1,0,2,0,38,1,1,0,2,8,0,0,1
19986,2386,35,1,1,0,1,0,74,1,0,0,3,7,0,0,1
27421,2723,66,1,0,1,0,0,14,3,4,1,6,7,0,0,1
35688,2835,47,0,1,0,2,1,94,7,4,1,4,8,0,0,1
36143,2250,39,1,0,1,0,0,33,1,0,1,2,3,0,0,1
10245,2569,49,1,0,1,0,0,32,3,1,2,2,5,0,0,1
43795,2415,52,1,1,0,0,1,11,3,7,3,4,7,1,0,1
63381,2791,60,1,1,0,0,1,78,4,4,5,13,2,0,0,0
38823,2827,71,1,1,0,0,1,56,1,2,1,3,6,0,0,1
83664,2576,52,1,0,1,0,0,57,3,2,2,12,5,0,0,0
90300,2336,41,1,1,0,0,0,7,0,5,6,8,1,1,0,0
62499,2361,41,1,1,0,1,0,0,2,3,1,6,4,0,0,0
74293,2215,27,1,0,1,0,0,66,1,5,4,6,2,0,0,0
51012,2596,74,1,1,0,0,0,86,1,4,1,4,6,0,0,1
70777,2283,52,1,1,0,0,1,80,3,5,3,12,3,0,0,0
68682,2425,29,1,1,0,0,0,56,1,4,9,10,2,0,0,0
43824,2811,49,1,1,0,1,1,18,4,3,1,4,8,0,0,1
15345,2826,36,1,1,0,1,0,51,2,1,1,2,8,0,0,1
23442,2711,33,1,0,1,0,0,71,1,1,0,3,7,0,0,1
14515,2756,40,0,1,0,1,0,71,4,2,2,3,7,0,0,1
31395,2622,64,0,0,1,0,0,80,4,2,1,3,6,0,0,1
75276,2799,55,1,1,0,0,0,2,1,9,4,9,5,0,0,0
42373,2477,46,1,0,1,0,0,83,5,2,1,5,5,0,0,1
30507,2634,60,1,1,0,0,0,29,1,5,1,4,7,0,0,1
55521,2409,65,1,0,1,0,0,11,9,6,3,6,7,1,0,0
48006,2179,55,1,1,0,1,1,55,1,1,0,3,6,0,0,1
27213,2827,48,1,0,1,0,0,19,3,2,0,4,8,0,0,1
65808,2189,49,1,0,1,0,0,1,3,5,1,5,6,0,0,0
30351,2547,46,1,1,0,1,0,19,1,3,0,2,9,0,0,1
50437,2779,57,1,1,0,0,2,28,3,7,1,8,7,0,0,1
23616,2748,38,0,0,1,0,0,76,2,3,0,3,8,0,0,1
53858,2756,44,1,1,0,0,1,50,4,4,3,6,4,0,0,0
66465,2615,65,1,1,0,0,1,1,3,11,9,12,6,1,0,0
46923,2835,33,1,0,1,0,0,90,3,5,1,7,7,0,0,1
75072,2681,58,1,1,0,0,1,83,2,5,4,8,3,0,0,0
75865,2249,77,1,1,0,0,0,73,1,3,5,10,1,0,0,0
19789,2380,45,0,1,0,1,0,24,3,2,1,3,5,1,0,1
80134,2294,26,1,1,0,0,0,11,1,2,7,11,5,4,0,0
91065,2651,39,1,0,1,0,0,33,1,7,9,9,3,2,0,0
49505,2640,49,1,1,0,1,1,4,9,10,2,8,8,0,0,1
37401,2213,47,1,1,0,1,0,14,2,2,0,3,7,0,0,1
30096,2197,37,1,1,0,1,0,30,1,2,0,3,6,0,0,1
18492,2183,38,1,1,0,1,0,75,1,1,0,2,8,0,0,1
82584,2549,46,1,1,0,0,0,26,1,3,4,8,1,2,0,0
93027,2601,79,1,1,0,0,0,77,0,7,10,5,2,1,0,0
48686,2366,67,1,1,0,1,2,8,1,1,0,2,8,0,0,1
92910,2225,34,1,1,0,0,0,42,1,6,7,13,1,3,0,0
75433,2244,31,1,1,0,1,0,28,2,2,5,10,6,2,0,0
10404,2215,31,0,1,0,1,0,52,2,1,0,4,5,0,0,1
61314,2589,52,1,1,0,0,1,1,2,5,5,12,3,0,0,0
84865,2575,59,1,0,1,0,0,1,1,2,4,9,4,4,0,0
42387,2767,31,1,1,0,1,0,42,5,8,1,7,8,0,0,1
67309,2681,53,0,1,0,1,1,76,15,9,6,9,7,0,0,0
75236,2375,56,1,1,0,0,1,27,1,8,3,13,4,0,0,0
30015,2306,50,1,0,1,0,0,28,2,1,0,4,5,0,0,1
50943,2532,64,1,1,0,0,1,49,1,1,0,3,5,0,0,1
67272,2349,54,1,0,1,0,0,12,3,6,2,12,5,0,0,0
51529,2454,71,1,0,1,0,0,14,2,9,1,5,8,0,0,1
32011,2470,49,1,1,0,1,0,89,3,2,1,4,7,0,0,1
7500,2666,34,0,1,0,1,0,96,2,2,0,3,8,0,0,1
28691,2519,31,1,1,0,1,0,56,1,1,0,3,8,0,0,1
56223,2350,72,1,1,0,0,1,72,2,2,1,5,4,0,0,0
18100,2486,74,1,1,0,0,0,14,1,0,0,3,5,0,0,1
30279,2705,31,1,0,1,0,0,13,1,1,0,3,8,0,0,1
20130,2263,46,0,1,0,0,0,99,1,1,0,3,8,0,0,1
23295,2510,61,1,0,1,0,0,72,1,1,0,2,8,0,0,1
42618,2422,48,1,0,1,0,0,92,2,5,0,4,8,0,0,1
81246,2341,56,1,0,1,0,0,87,1,4,5,7,1,2,0,0
24027,2544,44,1,1,0,1,0,7,2,2,0,3,8,0,0,1
55707,2348,67,1,1,0,0,1,91,2,3,2,9,3,0,0,0
57959,2582,65,1,0,1,0,0,71,5,4,7,11,3,0,0,0
56796,2657,51,1,1,0,0,1,24,3,8,9,7,7,0,0,0
36230,2414,49,1,0,1,0,0,17,1,2,0,4,5,0,0,1
70829,2369,40,0,1,0,1,1,87,2,4,2,8,3,0,0,0
65991,2819,44,1,1,0,0,1,21,3,9,5,10,7,0,0,0
38988,2837,48,1,1,0,1,2,90,7,5,1,6,8,0,0,1
89572,2811,54,0,0,1,0,0,44,1,7,7,9,4,2,0,0
42207,2613,36,1,1,0,1,0,71,4,4,1,5,6,1,0,1
50300,2194,68,1,1,0,0,1,52,2,2,1,8,2,0,0,1
66664,2801,38,0,1,0,0,0,78,1,5,7,6,3,0,0,0
60597,2338,56,1,1,0,0,1,2,4,2,2,8,7,1,0,0
70165,2439,71,1,0,1,0,0,60,1,3,7,11,1,0,0,0
50520,2311,62,1,0,1,0,0,25,2,3,1,3,6,0,0,1
80124,2162,57,1,1,0,0,0,47,1,3,7,8,1,1,0,0
33183,2284,45,1,1,0,1,0,46,2,4,0,3,7,0,0,1
66582,2277,51,1,0,1,0,0,83,1,2,8,9,1,0,0,0
75261,2591,65,1,1,0,0,0,17,1,5,6,5,2,2,0,0
31880,2765,50,1,0,1,0,0,13,1,1,0,2,8,0,0,1
53790,2274,69,1,1,0,0,2,86,3,7,2,8,6,0,0,0
49269,2842,49,1,1,0,1,0,92,3,7,3,12,7,0,0,1
61456,2618,45,1,1,0,0,1,47,4,6,10,13,4,0,0,0
37406,2421,40,1,1,0,1,0,18,1,1,0,2,8,0,0,1
56937,2853,39,1,1,0,1,0,81,7,8,6,9,6,1,0,0
38415,2702,42,1,1,0,1,1,91,2,1,0,3,7,0,0,1
20518,2201,32,1,0,1,0,0,58,1,1,1,2,5,0,0,1
62503,2655,64,1,1,0,0,1,40,4,8,3,11,5,0,0,0
41644,2210,48,1,0,1,0,0,67,2,1,0,3,3,0,0,1
55842,2196,43,1,1,0,0,1,19,1,7,1,8,5,0,0,0
62010,2773,48,1,1,0,0,1,93,4,6,2,7,5,0,0,0
41124,2765,43,1,1,0,1,0,41,7,7,3,4,8,0,0,1
38961,2340,47,1,1,0,1,0,60,1,2,1,2,7,0,0,1
37760,2481,48,1,0,1,0,0,54,1,2,0,3,6,0,0,1
32233,2838,46,1,0,1,0,0,26,2,6,2,2,9,1,0,1
43057,2401,45,1,1,0,0,1,30,4,4,2,5,5,0,0,1
83151,2786,60,1,1,0,0,0,93,1,5,9,4,3,0,0,0
78825,2812,56,1,0,1,0,0,35,1,5,10,13,3,0,0,0
65104,2386,44,1,1,0,0,1,4,2,3,5,7,7,0,0,0
60093,2527,46,1,1,0,0,1,92,2,7,2,10,6,0,0,0
14045,2313,51,1,1,0,1,0,24,1,1,0,3,7,0,0,1
28457,2768,68,0,0,1,0,0,96,1,4,1,4,8,0,0,1
78952,2802,62,1,1,0,0,1,11,2,2,5,12,6,0,0,0
46310,2732,44,1,0,1,0,0,99,2,6,1,5,8,0,0,1
76005,2651,65,1,1,0,0,0,72,1,3,5,13,6,1,0,0
58308,2692,56,1,0,1,0,0,77,4,2,6,3,8,0,0,0
55614,2373,76,1,0,1,0,0,85,1,9,4,6,7,1,0,0
59432,2601,58,1,0,1,0,0,88,3,5,3,11,5,0,0,0
55563,2244,42,1,0,1,0,0,22,1,2,0,3,3,0,0,0
78642,2593,49,1,1,0,0,1,83,1,4,9,4,6,0,0,0
67911,2197,71,1,1,0,0,1,63,3,6,7,11,3,0,0,0
65275,2611,76,1,1,0,0,0,9,1,4,3,13,2,0,0,0
27203,2851,70,1,1,0,1,1,92,2,1,1,2,8,0,0,1
48330,2385,59,1,1,0,0,1,2,1,1,0,3,5,0,0,1
24279,2706,30,0,1,0,0,0,6,1,4,1,3,8,0,0,1
64355,2833,35,1,1,0,1,0,66,2,4,3,12,8,0,0,0
50943,2532,64,1,1,0,0,1,49,1,1,0,3,5,0,0,1
53653,2758,67,1,0,1,0,0,29,2,10,4,12,6,0,0,0
65665,2368,44,1,1,0,0,1,77,1,5,10,8,3,0,0,0
81217,2504,31,1,0,1,0,0,77,1,3,7,11,1,0,0,0
34935,2532,28,1,1,0,0,0,71,1,2,1,4,7,0,0,1
61250,2719,61,1,0,1,0,0,49,6,5,2,12,5,0,0,0
39665,2559,39,1,1,0,1,0,97,3,4,2,3,7,1,0,1
60152,2617,41,1,0,1,0,0,6,1,6,4,12,3,0,0,0
48920,2411,56,1,1,0,0,2,93,3,6,2,5,7,1,0,1
89120,2263,61,1,1,0,0,0,78,1,5,6,7,1,1,0,0
44124,2573,74,1,1,0,0,1,62,4,6,2,5,8,0,0,1
81169,2600,45,1,0,1,0,0,47,1,5,7,9,2,0,0,0
36443,2670,59,1,1,0,1,1,9,4,3,1,3,8,0,0,1
26095,2523,30,1,0,1,0,0,77,1,1,0,3,7,0,0,1
71367,2469,61,1,1,0,0,0,24,1,4,5,7,2,0,0,0
80184,2279,76,1,1,0,0,0,19,1,6,3,10,3,2,0,0
30630,2312,55,1,0,1,0,0,67,2,2,0,3,7,0,0,1
73454,2279,33,1,0,1,0,0,95,1,2,4,6,5,1,0,0
42691,2476,29,1,1,0,0,0,48,1,5,1,6,5,0,0,1
70503,2796,67,1,1,0,0,0,73,1,2,4,9,6,2,0,0
25545,2818,33,1,1,0,1,0,35,3,2,2,3,6,0,0,1
32880,2731,34,1,1,0,1,0,76,1,1,0,3,8,0,0,1
77863,2373,62,1,1,0,0,0,20,1,4,5,10,2,0,0,0
50353,2180,43,1,1,0,0,0,72,1,4,4,6,3,0,0,1
61839,2845,56,1,0,1,0,0,20,1,4,8,4,8,0,0,0
49154,2397,60,1,1,0,1,1,69,6,4,1,8,6,0,0,1
47682,2658,45,0,0,1,0,0,80,4,4,3,8,5,0,0,1
72679,2443,51,1,0,1,0,0,65,1,4,7,5,1,0,0,0
57954,2170,43,1,1,0,1,1,52,7,8,2,6,7,1,0,0
65316,2590,58,1,1,0,1,1,65,2,3,2,5,4,0,0,0
28567,2536,38,1,0,1,0,0,57,2,2,0,3,6,0,0,1
47352,2603,69,1,1,0,0,1,70,4,6,1,5,7,0,0,1
44931,2321,53,1,1,0,0,1,0,1,2,1,3,5,0,0,1
76982,2293,53,1,0,1,0,0,19,1,8,3,4,4,1,0,0
57247,2484,68,0,1,0,0,1,50,2,2,1,7,2,0,0,0
22944,2347,39,1,0,1,0,0,67,3,3,0,3,7,0,0,1
25315,2393,43,0,1,0,1,0,46,3,3,0,3,8,0,0,1
43638,2851,51,1,0,1,0,0,37,2,4,1,4,7,0,0,1
42710,2737,36,1,0,1,0,0,38,2,4,5,3,6,0,0,1
84169,2485,38,1,1,0,0,0,9,1,7,6,6,3,2,0,0
54058,2549,44,1,1,0,0,1,56,2,4,6,8,3,0,0,0
24683,2272,30,0,1,0,1,0,98,2,2,0,4,5,0,0,1
85620,2332,56,1,0,1,0,0,68,1,3,6,4,1,0,0,0
47850,2367,40,1,1,0,1,0,72,1,3,0,4,6,0,0,1
19514,2313,52,1,1,0,1,1,47,4,3,1,2,8,1,0,1
27159,2251,47,1,1,0,1,1,33,2,1,0,3,6,0,0,1
39548,2249,57,0,0,1,0,0,87,2,1,1,3,3,0,0,1
21474,2241,31,1,0,1,0,0,0,2,3,1,2,7,1,0,1
60504,2301,49,1,0,1,0,0,73,2,6,2,8,6,0,0,0
22419,2596,57,1,1,0,0,0,74,1,3,2,2,8,0,0,1
81698,2394,71,1,1,0,0,0,4,1,3,8,13,1,0,0,0
43462,2814,68,1,1,0,1,1,50,6,4,1,5,8,0,0,1
54880,2644,42,1,0,1,0,0,57,2,6,2,11,5,0,0,0
79908,2609,38,1,1,0,0,0,30,1,5,6,7,2,1,0,0
15315,2489,50,0,1,0,0,0,27,2,2,0,4,5,0,0,1
87771,2562,61,1,1,0,0,1,61,1,5,10,4,6,4,0,0
33039,2452,42,1,1,0,1,0,4,1,2,0,4,5,0,0,1
81741,2537,40,1,0,1,0,0,75,0,6,6,7,2,0,0,0
71499,2528,49,1,1,0,0,1,12,2,8,3,13,4,0,0,0
62466,2324,50,0,1,0,0,1,13,5,6,3,12,4,0,0,0
48799,2395,57,1,0,1,0,0,9,3,3,2,7,3,0,0,1
52157,2181,70,1,1,0,0,1,48,2,3,2,5,4,0,0,0
66565,2730,58,1,0,1,0,0,80,4,4,2,9,8,0,0,0
29298,2454,69,1,1,0,1,1,60,1,1,0,2,5,0,0,1
47691,2518,41,1,0,1,0,0,43,1,1,0,2,6,0,0,1
38200,2728,50,1,1,0,1,1,19,1,1,0,2,7,0,0,1
44989,2814,46,1,1,0,0,1,26,5,5,1,5,6,0,0,1
38443,2312,52,1,1,0,1,1,58,2,1,0,3,7,0,0,1
38593,2448,42,0,0,1,0,0,42,3,4,1,3,8,0,0,1
64413,2491,50,1,1,0,0,1,27,1,5,1,5,5,0,0,0
36959,2429,39,1,1,0,1,0,56,2,2,0,3,8,0,0,1
61996,2673,43,1,1,0,0,1,27,3,6,4,8,5,3,0,0
51287,2248,52,1,1,0,1,1,10,3,4,1,3,7,0,0,1
13260,2469,50,1,1,0,1,1,48,4,3,0,3,8,0,0,1
47472,2445,54,1,1,0,1,1,39,2,2,0,4,5,0,0,1
54603,2514,64,1,1,0,1,1,85,6,4,2,4,7,0,0,0
45207,2755,46,1,1,0,1,1,64,5,3,1,6,6,1,0,1
40689,2627,69,1,1,0,0,1,69,7,7,1,5,8,0,0,1
47821,2411,53,0,1,0,1,1,54,1,1,0,3,8,0,0,1
27450,2599,69,1,1,0,0,0,57,1,2,1,3,7,0,0,1
39453,2246,37,1,1,0,1,0,64,2,2,0,3,6,0,0,1
26850,2231,49,0,1,0,1,1,10,4,2,1,4,4,0,0,1
79800,2803,65,1,0,1,0,0,65,1,5,11,5,3,3,0,0
61794,2447,59,1,1,0,0,1,74,2,4,4,10,2,0,0,0
53863,2202,65,1,1,0,0,1,4,3,7,1,7,7,1,0,0
24221,2472,61,1,1,0,0,0,94,1,1,1,3,4,0,0,1
39684,2784,36,1,0,1,0,0,41,2,2,1,2,7,0,1,1
92163,2723,45,1,1,0,0,0,25,0,5,11,5,2,2,0,0
69882,2390,55,1,0,1,0,0,94,1,3,7,9,1,0,0,0
33178,2309,43,1,1,0,1,0,9,1,1,0,3,4,0,0,1
59973,2450,48,1,1,0,0,0,47,1,3,4,7,1,0,0,0
17459,2442,45,1,1,0,1,0,12,3,3,1,2,7,0,0,1
23910,2770,51,1,0,1,0,0,80,1,2,0,3,7,0,0,1
42169,2412,51,1,1,0,1,1,20,2,1,0,3,8,0,0,1
26224,2549,42,0,1,0,1,0,39,3,2,1,3,6,0,0,1
31089,2840,39,1,1,0,1,0,57,3,3,0,4,8,0,0,1
30081,2652,59,1,0,1,0,0,27,1,1,0,3,7,0,0,1
62807,2826,60,1,1,0,0,1,83,3,5,3,12,5,0,0,0
72906,2444,65,1,0,1,0,0,79,1,3,4,9,1,0,0,0
61467,2726,72,1,1,0,0,2,69,3,5,2,10,5,0,0,0
49618,2678,54,1,1,0,1,1,77,4,3,1,3,7,0,0,1
21888,2706,34,1,0,1,0,0,15,4,5,1,2,10,0,0,1
42429,2297,47,1,0,1,0,0,99,2,1,1,3,5,0,0,1
26150,2634,64,1,0,1,0,0,61,1,1,0,3,7,0,0,1
30801,2770,45,0,1,0,0,1,23,2,1,0,3,7,0,0,1
81168,2212,55,1,1,0,0,0,84,1,6,4,7,3,1,0,0
26877,2473,51,1,0,1,0,0,74,2,3,1,6,6,0,0,1
45006,2505,76,1,0,1,0,0,90,1,3,1,7,3,0,0,1
18978,2724,47,0,1,0,1,0,41,1,1,0,3,8,0,0,1
22574,2403,53,1,1,0,2,1,28,2,2,0,3,7,0,0,1
48240,2756,51,1,0,1,0,0,73,3,6,3,13,5,0,0,1
45837,2497,46,1,1,0,1,1,88,5,6,2,5,7,0,0,1
35791,2578,55,1,0,1,0,0,94,2,1,0,3,8,0,0,1
54162,2627,42,1,0,1,0,0,31,1,1,0,3,4,0,0,0
30522,2840,60,1,1,0,0,1,6,5,1,2,9,2,0,0,1
54456,2512,59,1,1,0,0,1,23,3,6,1,7,6,0,0,0
31632,2509,49,1,0,1,0,0,92,1,2,1,2,7,0,0,1
72298,2270,71,1,0,1,0,0,52,1,4,3,6,1,2,0,0
36975,2342,42,0,0,1,0,0,50,1,1,0,3,7,0,0,1
72635,2550,65,0,1,0,0,0,54,1,6,8,6,3,1,0,0
13624,2684,44,1,1,0,1,0,93,2,2,0,3,6,0,0,1
84196,2550,45,1,0,1,0,0,56,1,8,4,7,3,0,0,0
70971,2805,60,1,1,0,0,1,28,7,11,11,5,7,0,0,0
34487,2820,43,1,0,1,0,0,94,3,3,0,3,9,0,0,1
28769,2717,43,1,0,1,0,0,76,3,4,1,4,9,0,0,1
69084,2381,50,1,1,0,1,0,43,2,7,3,13,8,0,0,0
65488,2175,62,1,1,0,0,0,46,1,3,4,6,1,0,0,0
62466,2324,50,0,1,0,0,1,13,5,6,3,12,4,0,0,0
32218,2293,60,0,0,1,0,0,27,1,2,1,3,7,1,0,1
83917,2596,47,1,0,1,0,0,12,1,6,7,7,3,0,0,0
46102,2270,58,1,0,1,0,0,3,1,1,0,2,7,0,0,1
84574,2549,68,1,0,1,0,0,72,1,9,11,11,5,0,0,0
56181,2696,58,1,1,0,0,1,6,1,4,2,7,4,0,0,0
63120,2798,70,1,0,1,0,0,53,5,8,4,9,7,0,0,0
73691,2394,49,1,1,0,0,1,58,2,6,2,8,2,1,0,0
63381,2791,60,1,1,0,0,1,78,4,4,5,13,2,0,0,0
76140,2206,72,1,1,0,0,0,57,1,5,9,6,2,0,0,0
62859,2705,61,1,0,1,0,0,37,4,9,4,6,6,0,0,0
45906,2577,56,1,0,1,0,0,20,2,5,4,4,5,1,0,1
77632,2635,73,1,1,0,0,0,73,1,4,2,6,2,2,0,0
46463,2474,49,1,1,0,1,1,56,7,3,1,6,6,0,0,1
105471,2683,50,1,1,0,0,0,36,0,9,8,13,3,2,0,0
55282,2357,50,1,0,1,0,0,9,1,3,1,6,4,0,0,0
78710,2196,43,1,1,0,0,1,42,3,7,6,12,4,0,0,0
66886,2445,62,1,1,0,0,1,28,2,7,1,7,5,0,0,0
98777,2291,60,1,0,1,0,0,23,0,4,6,9,1,1,0,0
29103,2830,35,1,1,0,1,0,38,2,1,0,3,9,0,0,1
67445,2845,46,1,1,0,0,1,63,5,9,6,12,6,0,0,0
50616,2236,70,1,1,0,0,1,71,1,1,1,4,2,0,0,1
49431,2854,65,1,0,1,0,0,9,2,7,1,5,8,0,0,1
61278,2335,67,1,1,0,0,1,87,2,3,1,4,6,0,0,0
26490,2804,62,0,1,0,0,0,92,2,3,1,5,6,0,0,1
73059,2461,73,1,1,0,0,1,36,1,9,3,13,4,0,0,0
46734,2410,54,1,0,1,0,0,86,4,3,2,3,6,1,0,1
56253,2728,57,1,1,0,0,1,83,4,7,2,9,6,0,0,0
19986,2386,35,1,1,0,1,0,74,1,0,0,3,7,0,0,1
58330,2345,45,1,0,1,0,0,87,1,6,4,13,4,0,0,0
25965,2819,40,0,1,0,0,0,29,1,2,0,3,8,0,0,1
14661,2703,64,1,1,0,0,0,88,1,1,0,3,6,0,0,1
18690,2707,61,1,1,0,0,0,77,1,1,1,2,8,0,0,1
45068,2568,46,1,1,0,0,1,25,1,1,0,2,7,0,0,1
21063,2436,33,0,0,1,0,0,34,2,2,0,3,6,0,0,1
29187,2575,52,1,1,0,1,0,43,1,1,0,3,8,0,0,1
54690,2393,49,0,1,0,1,1,76,3,3,1,5,3,0,0,0
59304,2494,56,1,1,0,0,1,81,3,7,8,10,5,0,0,0
59247,2392,58,1,0,1,0,0,87,5,5,2,9,6,0,0,0
66731,2814,50,1,0,1,0,0,33,4,4,3,6,3,0,0,0
77353,2354,40,1,1,0,0,1,38,2,6,4,8,4,0,0,0
52614,2734,45,1,0,1,0,0,63,2,2,4,8,8,0,0,0
26751,2197,46,1,1,0,2,0,26,1,1,0,2,8,0,0,1
81300,2766,57,1,1,0,0,1,17,3,10,3,5,5,1,0,0
70337,2337,41,1,0,1,0,0,75,1,2,2,12,1,0,0,0
36145,2537,35,0,1,0,1,0,13,4,4,1,3,9,1,0,1
65295,2347,40,1,0,1,0,0,19,1,3,3,13,2,0,0,0
68118,2413,57,1,0,1,0,0,51,2,8,9,4,6,0,0,0
68743,2827,53,1,0,1,0,0,81,1,11,5,13,7,0,0,0
41039,2498,38,0,1,0,0,0,32,1,8,1,5,8,0,0,1
38946,2407,65,1,1,0,0,1,84,2,3,1,6,5,0,0,1
65777,2351,53,1,1,0,0,0,87,1,2,8,6,1,0,0,0
66476,2638,44,1,0,1,0,0,99,2,5,2,11,4,0,0,0
86857,2814,48,1,0,1,0,0,96,1,5,6,10,2,0,0,0
77845,2203,31,1,1,0,0,0,40,1,3,5,12,1,2,0,0
69476,2431,51,1,1,0,0,0,3,1,4,6,4,2,0,0,0
50611,2792,60,1,0,1,0,0,98,6,4,5,7,6,1,0,1
61209,2467,50,1,0,1,0,0,73,1,5,3,4,2,0,0,0
42315,2511,62,1,1,0,0,1,90,3,1,4,4,3,0,0,1
13084,2398,68,0,1,0,0,0,29,1,1,0,3,6,0,0,1
47570,2555,71,1,0,1,0,0,3,3,2,2,2,7,0,0,1
61923,2497,59,1,1,0,0,2,94,1,2,1,4,3,0,0,0
34824,2254,25,1,0,1,0,0,65,1,1,0,2,6,0,0,1
26518,2606,71,1,0,1,0,0,33,3,2,0,3,8,0,0,1
45938,2397,59,1,0,1,0,0,46,2,8,4,6,6,0,0,1
78468,2240,60,1,1,0,0,0,29,1,10,7,10,4,1,0,0
78901,2444,47,1,0,1,0,0,99,3,9,3,5,4,0,0,0
71427,2268,42,1,1,0,2,0,26,2,8,2,8,4,0,0,0
71022,2297,42,1,0,1,0,0,30,3,5,2,11,8,1,0,0
90247,2220,32,1,0,1,0,0,27,1,3,4,7,1,3,0,0
41335,2344,52,1,0,1,0,0,24,3,4,1,4,7,0,0,1
71952,2694,34,1,1,0,1,0,93,2,8,4,8,4,2,0,0
35682,2161,50,1,0,1,0,0,34,1,1,1,3,2,0,0,1
43185,2604,69,1,0,1,0,0,88,2,9,3,6,8,0,0,1
66375,2379,72,1,1,0,0,1,96,3,2,4,5,7,1,0,0
35178,2694,49,1,1,0,1,0,10,1,1,1,2,7,1,0,1
25252,2511,34,1,1,0,1,0,26,1,1,0,2,8,0,0,1
55250,2775,55,1,0,1,0,0,49,4,7,5,10,5,0,0,0
33249,2653,45,1,0,1,0,0,11,2,2,1,3,6,0,0,1
58398,2570,67,1,1,0,0,0,44,3,5,4,8,4,0,0,0
50272,2485,38,1,1,0,1,0,75,3,4,1,5,7,0,0,1
76618,2728,45,1,1,0,0,0,64,1,3,2,5,1,0,0,0
87305,2803,60,0,0,1,0,0,19,1,5,3,8,2,1,0,0
25851,2662,42,1,1,0,1,0,45,2,2,0,3,7,0,0,1
58710,2614,50,1,0,1,0,0,77,6,11,5,9,6,0,0,0
45160,2251,62,1,0,1,0,0,9,1,1,0,2,7,0,0,1
74806,2716,55,1,1,0,0,1,1,2,5,4,5,4,0,0,0
59111,2582,66,1,1,0,0,0,90,1,11,1,8,7,0,0,0
18988,2196,36,1,1,0,1,0,43,2,1,0,3,7,0,0,1
72190,2660,55,1,1,0,0,0,79,1,5,6,4,3,0,0,0
7500,2856,44,1,1,0,1,0,19,5,4,1,2,9,1,0,1
44794,2180,54,1,1,0,0,1,99,1,2,0,3,6,0,0,1
80395,2377,65,1,1,0,0,0,62,1,6,5,12,2,1,0,0
75012,2314,44,1,0,1,0,0,41,1,3,8,11,1,0,0,0
56962,2420,55,1,1,0,2,1,60,7,6,3,5,7,0,0,0
89891,2599,29,1,1,0,0,0,17,1,11,6,8,4,1,0,0
35946,2434,71,1,0,1,0,0,24,1,0,0,3,5,0,0,1
53593,2850,67,1,1,0,1,1,60,8,7,2,6,8,0,0,0
66373,2541,42,1,1,0,1,1,57,7,4,2,10,3,0,0,0
45072,2415,72,1,0,1,0,0,74,5,6,1,4,8,0,0,1
89694,2422,47,1,0,1,0,0,22,3,4,3,4,5,3,0,0
72025,2220,71,1,1,0,0,0,46,1,4,8,13,2,3,0,0
67432,2616,47,1,1,0,0,1,69,2,8,5,4,4,0,0,0
70545,2185,68,1,1,0,0,1,29,1,4,1,7,2,0,0,0
17487,2627,31,0,1,0,1,0,37,1,1,0,2,7,0,0,1
62882,2848,51,1,1,0,0,1,26,2,7,5,6,4,0,0,0
64108,2622,67,1,0,1,0,0,8,4,6,9,11,5,0,0,0
34941,2639,64,1,1,0,1,1,26,2,3,0,3,8,0,0,1
48767,2338,70,1,0,1,0,0,79,3,2,1,3,5,0,0,1
38702,2491,42,0,1,0,1,0,71,2,3,0,4,6,0,0,1
82224,2314,56,1,1,0,0,0,83,1,6,9,5,3,1,0,0
83844,2572,68,1,1,0,0,0,57,1,4,4,11,1,1,0,0
17003,2361,45,0,1,0,1,0,37,3,2,0,4,5,0,0,1
71163,2271,25,1,0,1,0,0,30,1,3,8,12,1,0,0,0
33697,2446,50,1,0,1,0,0,34,1,1,0,2,7,1,0,1
63564,2310,66,0,1,0,0,0,0,1,10,10,7,6,1,0,0
83443,2339,48,1,1,0,0,0,89,1,6,10,5,2,0,0,0
51518,2428,62,1,1,0,0,1,92,2,3,2,10,3,0,0,1
58330,2345,45,1,0,1,0,0,87,1,6,4,13,4,0,0,0
80952,2645,51,1,1,0,0,0,20,1,8,5,11,8,3,0,0
75507,2217,41,1,1,0,0,0,56,1,8,6,6,3,0,0,0
63855,2664,42,0,1,0,0,0,28,1,7,3,13,4,0,0,0
62220,2846,48,1,1,0,0,1,55,5,7,6,5,6,0,0,0
58512,2442,56,1,1,0,0,1,25,5,3,4,8,8,0,0,0
40662,2630,41,1,1,0,1,0,0,2,2,1,3,4,0,0,1
38829,2243,61,1,1,0,0,1,86,1,3,2,2,5,0,0,1
35523,2428,39,0,1,0,1,0,8,2,3,0,3,7,0,0,1
79146,2225,53,1,0,1,0,0,33,2,8,1,8,6,0,0,0
78285,2403,32,1,1,0,0,0,13,1,6,4,10,3,0,0,0
31626,2574,42,1,0,1,0,0,12,1,2,1,2,7,1,0,1
75127,2197,68,1,0,1,0,0,92,1,2,11,5,1,0,0,0
48726,2587,65,1,1,0,0,1,90,3,3,2,4,6,0,0,1
74985,2815,43,1,1,0,0,0,8,1,3,6,7,2,0,0,0
67430,2821,33,1,1,0,0,0,6,1,11,5,12,6,0,0,0
46891,2460,55,0,1,0,0,1,91,1,2,1,4,4,0,0,1
62058,2558,64,1,1,0,0,1,52,4,6,1,7,6,0,0,0
72063,2520,41,1,1,0,0,1,3,2,5,2,12,2,0,0,0
78939,2358,69,1,1,0,0,0,57,1,8,5,6,3,0,0,0
42720,2590,55,1,0,1,0,0,9,8,7,3,7,8,0,0,1
33622,2601,48,1,1,0,1,1,22,3,2,0,4,7,0,0,1
6835,2727,63,1,1,0,0,1,76,0,0,0,1,20,0,0,1
41452,2639,67,1,1,0,1,1,86,1,1,0,2,7,0,0,1
40760,2462,55,1,0,1,0,0,64,2,2,1,3,6,0,0,1
74250,2313,62,1,1,0,0,0,90,1,2,11,4,1,0,0,0
51124,2352,65,1,0,1,0,0,79,2,1,0,3,3,0,0,1
72258,2449,49,1,0,1,0,0,28,2,6,9,5,2,0,0,0
71466,2244,46,1,0,1,0,0,86,1,4,4,10,1,0,0,0
36283,2235,44,1,1,0,1,1,42,2,1,0,3,4,0,0,1
20587,2208,50,1,0,1,0,0,39,1,1,1,2,7,0,0,1
30467,2261,48,1,1,0,1,0,8,1,1,0,2,7,0,0,1
31590,2535,48,1,1,0,1,0,40,1,1,0,3,8,0,0,1
20425,2767,34,0,1,0,1,0,5,2,2,0,3,7,0,0,1
17144,2293,60,1,1,0,1,1,96,5,3,0,4,7,0,0,1
42564,2702,52,1,0,1,0,0,28,6,6,8,4,7,1,0,1
43783,2190,42,1,1,0,1,0,22,6,7,1,8,7,1,0,1
40780,2818,44,1,0,1,0,0,30,4,7,1,5,9,0,0,1
62847,2689,75,1,1,0,0,0,45,1,3,6,4,2,0,0,0
82017,2758,63,1,1,0,0,0,58,1,5,4,7,2,3,0,0
16813,2504,70,1,0,1,0,0,49,1,2,0,3,7,1,0,1
51267,2402,42,1,1,0,1,1,37,4,3,3,5,4,0,0,1
46524,2609,59,1,0,1,0,0,70,2,1,1,5,3,0,0,1
45183,2684,58,1,0,1,0,0,33,1,4,1,7,7,1,0,1
70421,2160,66,1,1,0,0,1,98,3,10,3,7,6,0,0,0
60161,2773,55,0,0,1,0,0,17,3,11,4,8,8,0,0,0
73926,2643,47,1,1,0,0,0,54,1,6,5,12,3,0,0,0
19329,2356,52,1,1,0,1,0,39,3,4,0,3,8,0,0,1
61872,2357,50,1,1,0,0,1,81,4,4,4,9,4,0,0,0
46984,2619,64,1,0,1,0,0,71,1,1,0,3,5,0,0,1
34838,2685,69,1,1,0,1,1,62,3,2,1,4,6,0,0,1
82716,2395,76,1,0,1,0,0,8,1,6,8,13,2,0,0,0
48192,2608,62,1,1,0,0,0,76,3,2,8,12,8,3,0,1
49681,2396,44,1,1,0,0,2,66,6,7,1,7,7,0,0,1
56850,2257,49,1,1,0,0,1,83,1,1,1,3,2,0,0,0
55267,2410,63,1,1,0,0,1,28,4,3,4,6,3,0,0,0
59666,2623,48,1,1,0,1,1,87,7,3,2,8,8,1,0,0
72504,2608,48,1,0,1,0,0,43,2,5,9,6,2,0,0,0
26872,2415,39,1,1,0,0,0,0,1,1,1,2,6,0,0,1
21359,2594,48,1,0,1,0,0,1,2,2,0,3,8,0,0,1
73170,2188,45,1,0,1,0,0,1,1,5,4,6,2,0,0,0
52750,2669,65,1,1,0,0,1,72,6,5,7,9,4,0,0,0
91820,2377,34,1,1,0,0,0,72,0,5,5,12,1,0,0,0
65968,2207,50,1,1,0,0,1,12,2,5,4,7,3,0,0,0
30772,2268,44,1,1,0,1,1,89,1,1,0,2,6,0,0,1
22507,2741,66,1,0,1,0,0,67,3,10,2,4,9,0,0,1
65685,2251,48,1,1,0,0,1,54,1,9,2,9,5,0,0,0
25804,2460,42,0,1,0,1,0,34,2,2,0,3,8,0,0,1
76412,2579,40,1,0,1,0,0,15,1,5,4,8,3,2,0,0
22063,2484,48,1,1,0,1,0,43,2,2,0,3,7,0,0,1
57091,2173,59,1,0,1,0,0,0,1,7,3,7,5,1,0,0
22419,2596,57,1,1,0,0,0,74,1,3,2,2,8,0,0,1
87771,2562,61,1,1,0,0,1,61,1,5,10,4,6,4,0,0
78353,2598,61,0,0,1,0,0,51,1,10,2,11,8,0,0,0
93404,2577,66,1,1,0,1,2,97,3,3,4,7,5,2,0,0
37859,2692,58,1,0,1,0,0,75,2,1,0,3,8,0,0,1
80995,2573,62,1,0,1,0,0,83,1,8,9,4,4,0,0,0
16529,2279,36,1,1,0,1,0,23,1,1,0,3,6,0,0,1
55412,2378,44,1,0,1,0,0,65,1,2,0,3,5,0,0,0
48789,2816,28,1,0,1,0,0,94,1,6,4,7,6,0,0,1
56575,2579,53,1,1,0,0,2,42,3,7,3,7,5,0,0,0
25130,2429,40,0,1,0,1,0,10,2,2,0,3,7,0,0,1
35441,2659,53,1,1,0,1,1,94,2,1,0,3,8,0,0,1
71391,2616,64,1,1,0,0,1,50,5,6,5,12,3,0,0,0
49494,2589,48,1,0,1,0,0,46,2,6,1,5,7,0,0,1
81702,2803,40,1,0,1,0,0,98,1,7,7,12,3,0,0,0
45889,2521,40,0,0,1,0,0,42,1,1,0,3,6,0,0,1
56628,2259,43,1,0,1,0,0,30,2,7,6,5,5,1,0,0
34026,2487,70,1,1,0,1,1,11,3,2,1,3,5,0,0,1
40049,2736,46,1,1,0,0,1,61,3,3,2,6,5,0,0,1
34176,2207,32,1,0,1,0,0,12,4,3,0,4,6,0,0,1
19419,2755,39,1,1,0,1,0,76,4,4,0,3,9,0,0,1
82504,2496,60,0,1,0,0,0,2,1,3,6,7,1,0,0,0
81205,2326,50,1,1,0,0,0,43,1,5,6,7,2,3,0,0
61618,2797,29,0,0,1,0,0,27,2,3,6,8,3,0,0,0
55284,2711,64,1,0,1,0,0,60,3,7,5,8,5,0,0,0
49980,2408,57,1,0,1,0,0,79,2,3,1,5,5,0,0,1
15072,2574,40,1,1,0,2,0,96,4,3,1,3,5,0,0,1
49166,2540,46,1,0,1,0,0,17,2,5,3,3,6,0,0,1
65324,2328,66,1,1,0,0,1,0,3,6,2,9,4,0,0,0
82347,2759,63,0,1,0,0,0,38,1,7,7,10,3,2,0,0
30843,2193,54,1,1,0,1,1,43,2,1,1,2,5,1,0,1
46374,2263,46,1,1,0,0,1,1,3,7,1,7,8,2,0,1
60474,2613,41,1,0,1,0,0,25,7,10,2,12,7,0,0,0
38576,2276,47,1,1,0,0,1,2,1,1,0,3,7,0,0,1
55357,2654,35,1,1,0,2,0,66,3,6,2,11,5,0,0,0
37758,2792,54,1,1,0,1,1,49,2,1,0,3,8,0,0,1
85710,2579,31,0,1,0,0,0,5,1,6,9,10,2,1,0,0
23228,2313,51,1,1,0,1,0,71,2,2,0,3,8,0,0,1
44602,2293,51,1,1,0,1,1,35,6,6,1,4,8,0,0,1
7500,2695,33,1,1,0,0,0,94,1,0,0,3,6,0,0,1
38683,2792,31,0,1,0,1,0,80,6,4,1,6,7,0,0,1
49514,2353,45,0,0,1,0,0,61,2,6,1,4,7,0,0,1
57906,2542,47,1,1,0,0,1,29,3,4,2,8,4,0,0,0
43456,2619,54,1,0,1,0,0,0,3,5,1,8,5,0,0,1
19485,2437,34,1,0,1,0,0,80,1,1,0,2,7,0,0,1
53172,2578,42,1,1,0,0,1,54,3,2,3,8,3,0,0,0
30545,2779,41,1,1,0,1,0,71,2,2,0,3,7,0,0,1
70123,2433,37,1,1,0,0,0,27,1,5,7,4,3,2,0,0
62450,2333,61,1,0,1,0,0,61,2,5,5,4,3,1,0,0
21675,2177,44,1,1,0,1,0,55,3,4,0,3,7,0,0,1
42395,2245,39,0,0,1,0,0,35,4,3,1,4,7,0,0,1
61346,2425,42,1,1,0,1,0,34,1,5,7,10,3,0,0,0
80812,2444,67,1,1,0,0,0,95,1,4,8,5,2,3,0,0
42835,2523,49,1,0,1,0,0,64,7,6,6,4,6,0,0,1
39922,2659,37,1,1,0,1,0,30,2,3,0,4,8,0,0,1
86424,2244,64,1,0,1,0,0,12,1,6,9,12,1,0,0,0
17117,2687,42,0,1,0,1,0,96,4,3,1,3,9,0,0,1
24762,2298,48,1,0,1,0,0,16,3,3,1,2,8,1,0,1
35797,2780,45,1,1,0,0,1,16,2,2,0,3,8,0,0,1
36627,2500,45,1,0,1,0,0,78,1,0,0,3,5,0,0,1
51111,2169,39,0,1,0,1,1,83,2,2,0,3,6,0,0,1
86857,2814,48,1,0,1,0,0,96,1,5,6,10,2,0,0,0
82072,2521,50,1,1,0,0,0,67,1,3,2,13,1,0,0,0
46231,2739,67,1,0,1,0,0,87,4,6,1,4,9,0,0,1
42243,2359,61,1,1,0,1,1,34,2,2,0,3,7,0,0,1
51195,2613,58,1,1,0,1,1,46,8,9,2,5,8,0,0,1
68092,2354,42,1,0,1,0,0,7,2,2,6,10,5,0,0,0
31814,2664,47,1,1,0,1,0,73,2,2,0,3,9,1,0,1
51390,2818,55,1,0,1,0,0,54,6,5,2,5,5,0,0,1
76630,2325,37,1,1,0,0,0,93,1,3,10,11,1,0,0,0
26868,2219,29,0,0,1,0,0,52,1,1,0,2,7,0,0,1
48948,2672,77,1,0,1,0,0,53,2,7,10,5,6,1,0,1
55260,2723,48,1,0,1,0,0,81,2,8,10,5,6,0,0,0
64090,2485,64,1,1,0,0,1,8,1,6,9,4,5,0,0,0
78331,2316,62,1,0,1,0,0,97,2,10,6,7,4,0,0,0
37087,2481,46,1,1,0,1,0,50,3,4,2,8,6,0,0,1
21846,2409,34,1,0,1,0,0,38,4,4,0,3,8,0,0,1
81320,2667,62,1,1,0,0,0,61,1,4,3,10,2,0,0,0
54137,2476,50,1,0,1,0,0,46,2,4,1,4,6,0,0,0
66825,2509,53,1,1,0,0,0,73,1,4,5,6,2,0,0,0
57100,2366,47,1,1,0,0,0,19,1,3,3,6,3,0,0,0
58917,2621,51,1,1,0,1,2,10,5,4,1,6,5,0,0,0
85072,2240,43,1,0,1,0,0,94,1,3,4,10,0,0,0,0
86429,2379,59,1,0,1,0,0,10,0,7,4,7,2,1,0,0
45684,2368,49,1,0,1,0,0,37,1,1,0,2,7,0,0,1
47889,2335,46,1,1,0,1,0,94,1,2,0,3,5,0,0,1
45921,2270,34,1,1,0,0,0,23,1,2,1,6,4,0,0,1
78420,2524,54,1,0,1,0,0,75,1,3,10,8,1,0,0,0
75114,2393,28,1,1,0,0,0,40,1,3,10,5,2,0,0,0
52278,2679,57,1,0,1,0,0,24,6,10,5,10,8,0,0,0
35641,2509,48,1,1,0,1,0,11,2,3,1,4,7,0,0,1
95529,2732,26,1,0,1,0,0,29,1,7,3,7,3,1,0,0
62820,2573,66,1,1,0,0,0,51,1,3,4,6,1,0,0,0
73113,2344,60,1,1,0,0,0,86,1,3,4,7,2,0,0,0
84169,2485,38,1,1,0,0,0,9,1,7,6,6,3,2,0,0
42607,2383,66,0,0,1,0,0,30,2,3,2,7,3,0,0,1
74637,2566,66,1,0,1,0,0,73,1,6,9,9,3,1,0,0
46015,2236,65,1,1,0,1,1,25,1,1,0,3,7,2,0,1
72354,2597,27,1,0,1,0,0,67,1,2,10,6,1,0,0,0
39858,2680,51,1,0,1,0,0,67,1,2,0,4,6,0,0,1
34469,2215,72,1,1,0,1,1,58,3,1,1,4,4,0,0,1
83033,2201,34,1,1,0,1,0,82,1,11,4,10,5,1,0,0
24401,2826,41,1,1,0,0,0,98,3,6,1,6,8,0,0,1
77583,2298,42,1,1,0,0,0,93,1,4,5,9,2,1,0,0
74116,2340,38,0,0,1,0,0,53,1,4,4,10,2,1,0,0
74293,2215,27,1,0,1,0,0,66,1,5,4,6,2,0,0,0
68397,2383,44,1,1,0,0,1,6,1,6,9,5,3,0,0,0
79632,2241,46,1,1,0,0,0,42,1,6,4,9,2,0,0,0
46107,2298,31,1,0,1,0,0,78,1,1,1,4,3,0,0,1
64950,2845,69,1,0,1,0,0,29,2,11,2,10,7,1,0,0
25443,2713,31,0,1,0,1,0,82,1,1,0,3,8,0,0,1
75127,2197,68,1,0,1,0,0,92,1,2,11,5,1,0,0,0
32892,2194,49,1,1,0,1,0,78,2,3,0,3,8,0,0,1
71796,2407,49,1,1,0,0,0,54,1,9,3,4,4,0,0,0
67536,2562,50,1,1,0,0,1,45,3,11,5,11,8,1,0,0
55239,2509,49,1,0,1,0,0,59,3,7,5,11,5,0,0,0
60554,2483,45,1,0,1,0,0,8,2,8,4,9,6,0,0,0
64831,2543,68,0,0,1,0,0,51,8,6,3,5,6,0,0,0
56067,2503,58,1,1,0,0,1,51,2,7,4,7,5,0,0,0
82025,2556,37,1,0,1,0,0,76,1,3,2,6,1,1,0,0
94384,2641,67,1,1,0,0,0,62,0,5,8,5,2,3,0,0
14906,2713,34,0,0,1,0,0,86,3,2,1,3,7,0,0,1
51563,2795,33,1,1,0,0,0,60,1,4,4,10,8,2,0,1
57937,2292,38,0,1,0,0,1,56,3,4,4,9,3,0,0,0
68274,2431,41,1,0,1,0,0,83,2,4,2,5,3,0,0,0
39771,2364,43,1,1,0,1,0,92,1,2,0,3,4,0,0,1
67893,2795,45,0,0,1,0,0,31,2,3,2,9,8,0,0,0
27922,2209,41,1,1,0,1,0,80,1,2,0,3,4,0,0,1
52190,2211,44,1,1,0,1,1,39,3,2,1,3,5,1,0,0
44051,2675,47,1,0,1,0,0,20,4,3,1,4,6,0,0,1
42767,2573,49,1,0,1,0,0,53,1,3,1,2,8,0,0,1
46106,2208,44,1,1,0,1,1,84,1,1,1,2,6,0,0,1
16927,2663,44,1,1,0,1,1,50,5,3,0,4,8,0,0,1
59754,2734,55,1,1,0,0,1,96,3,5,2,6,5,0,0,0
53700,2840,68,1,0,1,0,0,94,4,5,5,8,5,0,0,0
59041,2212,47,1,1,0,1,1,25,2,2,0,4,5,0,0,0
54237,2587,63,1,0,1,0,0,48,4,5,2,5,6,0,0,0
70647,2805,53,1,0,1,0,0,65,2,4,7,13,2,0,0,0
52597,2212,58,1,0,1,0,0,69,3,6,3,8,5,0,0,0
41021,2705,51,1,1,0,1,0,12,2,2,0,3,6,0,0,1
40233,2417,45,1,1,0,0,1,84,5,2,1,5,6,0,0,1
50183,2163,40,1,1,0,1,1,47,7,3,1,6,5,0,0,1
54753,2449,61,1,1,0,0,1,87,3,5,2,11,4,0,0,0
92955,2473,47,1,1,0,0,0,35,1,6,7,9,2,2,0,0
33471,2784,47,1,1,0,1,0,47,3,3,0,4,7,0,0,1
34596,2601,46,1,1,0,1,0,48,1,1,0,2,8,0,0,1
44010,2783,40,1,1,0,1,0,46,6,10,2,6,9,0,0,1
84219,2306,32,1,1,0,0,0,27,1,3,4,10,1,0,0,0
40706,2687,52,1,1,0,2,1,37,4,3,0,4,7,0,0,1
15716,2753,32,0,1,0,1,0,8,3,3,0,4,8,0,1,1
59052,2383,61,0,0,1,0,0,29,3,7,1,7,5,0,0,0
80573,2782,49,1,1,0,0,0,85,1,4,6,13,2,0,0,0
83715,2305,58,1,1,0,0,0,2,1,2,8,13,0,0,0,0
82576,2856,61,1,1,0,0,0,66,1,2,4,12,1,1,0,0
56962,2420,55,1,1,0,2,1,60,7,6,3,5,7,0,0,0
35704,2336,68,1,1,0,1,1,54,3,2,0,4,4,0,0,1
53103,2449,66,1,1,0,0,1,70,5,10,6,7,7,1,0,0
46779,2511,60,0,0,1,0,0,55,1,0,1,2,4,0,0,1
4861,2166,55,1,0,1,0,0,20,0,0,0,0,14,0,0,1
33462,2485,41,1,0,1,0,0,78,1,2,0,3,7,0,0,1
63693,2417,42,1,0,1,0,0,63,3,11,6,9,6,0,0,0
80763,2477,70,1,1,0,0,0,17,1,5,11,6,3,2,0,0
65352,2471,46,1,1,0,0,1,43,2,4,2,8,4,0,0,0
82170,2375,42,1,1,0,0,0,13,1,5,6,7,2,0,0,0
75759,2406,51,1,1,0,0,0,46,1,9,7,9,5,3,0,0
79689,2572,44,0,0,1,0,0,65,1,4,9,13,2,0,0,0
35340,2159,64,1,0,1,0,0,1,2,2,0,3,5,0,0,1
85683,2259,66,1,0,1,0,0,6,1,2,4,10,1,4,0,0
24884,2736,48,0,1,0,1,0,32,1,0,0,3,7,0,0,1
42021,2826,39,1,1,0,1,0,34,5,10,1,6,9,1,0,1
64449,2290,31,1,0,1,0,0,70,4,5,3,12,4,0,0,0
64587,2166,66,1,0,1,0,0,49,2,1,1,4,3,0,0,0
34824,2254,25,1,0,1,0,0,65,1,1,0,2,6,0,0,1
75437,2391,42,1,1,0,0,0,25,1,8,4,10,6,1,0,0
26091,2283,63,1,1,0,1,1,84,3,2,1,3,5,0,0,1
52845,2479,47,1,1,0,1,0,7,3,8,8,6,6,1,0,0
46086,2397,64,1,0,1,0,0,34,4,3,1,8,4,0,0,1
78028,2816,64,1,0,1,0,0,38,1,6,4,9,7,2,0,0
95169,2422,33,1,0,1,0,0,1,1,4,3,4,1,2,0,0
56337,2618,39,0,1,0,1,1,25,5,8,5,4,8,2,0,0
22434,2660,33,1,1,0,1,0,25,2,2,0,3,8,0,0,1
36930,2567,66,1,1,0,0,1,50,5,5,2,4,8,0,0,1
36130,2671,66,1,0,1,0,0,46,6,3,8,4,4,1,0,1
65569,2760,67,1,1,0,0,1,96,2,6,5,10,3,0,0,0
83844,2572,68,1,1,0,0,0,57,1,4,4,11,1,1,0,0
19514,2313,52,1,1,0,1,1,47,4,3,1,2,8,1,0,1
36736,2574,57,1,0,1,0,0,52,1,1,0,2,6,0,0,1
77568,2832,41,1,1,0,0,1,30,1,10,2,8,5,3,0,0
49187,2328,44,1,1,0,0,1,63,1,1,1,5,2,0,0,1
30168,2638,42,1,0,1,0,0,51,7,6,1,4,9,0,0,1
34053,2816,52,1,1,0,0,1,14,1,3,0,3,8,0,0,1
38196,2231,49,1,1,0,1,1,20,3,2,0,4,5,0,0,1
59412,2230,69,1,1,0,0,0,56,1,4,2,8,3,0,0,0
70924,2242,55,0,1,0,0,0,41,1,6,6,7,3,1,0,0
54165,2556,51,1,1,0,0,0,72,1,2,1,7,2,0,0,0
32300,2701,47,1,1,0,1,0,1,1,1,0,3,8,0,0,1
20180,2653,44,1,0,1,0,0,27,1,2,1,4,7,0,0,1
34961,2169,47,1,1,0,1,0,77,3,3,1,3,7,0,0,1
28440,2516,46,1,1,0,1,0,87,1,2,0,3,8,0,0,1
64504,2641,67,1,1,0,1,2,81,7,11,3,4,7,0,0,0
33564,2164,54,1,1,0,0,1,51,1,1,1,3,5,0,0,1
17345,2762,42,1,1,0,1,0,79,2,2,1,2,8,0,0,1
56320,2606,53,1,1,0,0,1,11,3,5,4,9,4,0,0,0
28647,2471,42,1,0,1,0,0,54,1,2,2,2,7,1,0,1
15038,2675,33,0,0,1,0,0,93,2,2,1,2,9,0,0,1
32173,2491,62,1,0,1,0,0,0,1,1,0,3,4,0,0,1
68316,2761,56,0,1,0,0,1,54,5,10,7,10,6,0,0,0
74538,2524,49,1,1,0,0,0,21,1,8,8,5,3,1,0,0
91700,2687,49,1,0,1,0,0,58,1,8,6,5,3,0,0,0
68695,2163,51,1,1,0,0,0,3,1,4,4,7,2,0,0,0
31056,2682,43,0,1,0,1,0,99,1,1,0,3,8,0,0,1
79593,2207,47,1,1,0,0,0,70,1,5,6,7,2,1,0,0
28071,2828,40,1,0,1,0,0,65,2,5,1,5,8,0,0,1
37334,2282,62,1,1,0,1,1,44,4,3,0,4,4,0,0,1
46423,2443,48,1,0,1,0,0,6,3,2,0,4,7,0,0,1
37126,2250,49,1,1,0,1,0,9,1,1,2,2,6,1,0,1
47703,2555,67,1,1,0,0,1,95,4,6,3,8,5,0,0,1
61180,2226,61,1,1,0,0,1,70,2,5,5,6,3,1,0,0
38998,2762,66,1,1,0,1,1,92,3,2,0,3,8,0,1,1
8028,2808,29,1,0,1,0,0,62,15,0,1,0,19,0,0,1
76081,2196,58,1,1,0,0,0,85,1,4,5,4,2,1,0,0
34728,2493,34,1,1,0,1,0,2,1,1,1,2,6,0,0,1
33168,2783,55,1,0,1,0,0,0,3,2,1,4,7,0,0,1
33585,2436,54,1,1,0,0,1,91,1,2,0,4,4,0,0,1
77037,2418,60,1,1,0,0,1,3,1,7,7,12,3,0,0,0
35196,2752,36,1,1,0,1,0,68,6,6,1,5,8,0,0,1
44529,2518,54,1,1,0,0,1,98,6,6,2,11,5,1,0,1
70924,2242,55,0,1,0,0,0,41,1,6,6,7,3,1,0,0
28764,2183,54,1,1,0,1,1,16,1,1,0,2,8,1,0,1
69098,2657,71,1,1,0,0,0,82,1,7,8,9,5,0,0,0
25959,2659,50,0,0,1,0,0,1,2,1,2,2,6,0,0,1
27100,2609,37,1,1,0,1,0,64,1,1,0,3,7,0,0,1
70596,2791,35,1,0,1,0,0,68,1,3,5,12,2,0,0,0
42557,2828,46,1,1,0,0,1,98,4,6,1,4,8,0,0,1
53312,2483,69,1,1,0,0,0,32,1,5,1,5,7,0,0,0
72228,2738,68,1,0,1,0,0,87,1,6,7,8,3,0,0,0
67605,2614,33,1,1,0,0,0,84,1,2,8,6,1,0,0,0
62845,2795,71,1,1,0,1,1,3,11,3,4,10,8,1,0,0
65196,2498,62,1,1,0,0,2,34,2,7,6,11,5,1,0,0
42000,2694,33,1,0,1,0,0,23,2,5,2,11,5,0,0,1
35860,2200,47,1,0,1,0,0,37,2,1,1,2,5,1,0,1
65526,2238,56,1,1,0,0,1,22,1,4,4,8,2,0,0,0
16860,2814,59,1,1,0,1,1,19,3,1,1,3,7,0,0,1
83528,2218,28,1,0,1,0,0,7,1,4,10,8,1,2,0,0
64176,2854,55,0,0,1,0,0,52,8,8,9,8,6,0,0,0
22304,2853,64,1,0,1,0,0,91,1,1,0,2,8,0,0,1
67023,2276,42,1,1,0,0,0,93,1,3,7,13,2,0,1,0
32892,2194,49,1,1,0,1,0,78,2,3,0,3,8,0,0,1
70713,2732,54,1,1,0,0,1,23,6,5,6,8,3,0,0,0
59925,2735,65,1,1,0,0,1,83,3,9,2,9,6,0,0,0
39722,2284,67,1,1,0,0,1,92,2,2,0,3,5,0,0,1
46610,2505,62,1,1,0,0,0,4,1,6,1,6,6,0,0,1
88347,2520,59,1,1,0,0,0,32,1,4,7,9,1,1,0,0
87171,2583,39,1,1,0,0,0,27,1,6,7,11,2,2,0,0
26907,2472,44,0,1,0,1,1,10,2,1,0,3,7,0,0,1
50014,2317,52,1,0,1,0,0,9,2,4,1,8,5,0,0,1
41014,2592,42,1,1,0,1,0,65,1,1,0,2,7,0,0,1
66294,2263,55,1,0,1,0,0,68,1,4,3,5,2,0,0,0
36715,2748,49,1,1,0,1,0,16,6,7,2,4,9,0,0,1
79456,2835,64,1,1,0,0,0,12,1,5,6,4,3,0,0,0
40479,2475,38,1,1,0,1,0,95,1,0,0,3,4,0,0,1
75345,2671,50,1,0,1,0,0,16,1,5,8,6,3,1,0,0
54233,2669,43,1,1,0,0,1,46,4,11,6,5,8,0,0,0
24163,2419,50,1,0,1,0,0,3,2,1,0,3,4,0,0,1
84460,2700,62,1,1,0,0,0,80,0,9,9,4,5,4,0,0
43776,2216,37,1,1,0,1,0,77,1,1,0,2,6,0,0,1
71691,2263,62,1,0,1,0,0,0,1,4,7,5,2,0,0,0
85844,2190,47,1,1,0,0,0,62,1,6,6,7,2,1,0,0
39190,2223,46,1,0,1,0,0,91,2,2,1,4,5,0,0,1
71367,2469,61,1,1,0,0,0,24,1,4,5,7,2,0,0,0
38578,2531,48,1,0,1,0,0,2,3,3,0,3,8,0,0,1
57236,2268,55,1,1,0,1,1,22,3,2,1,4,3,0,0,0
61825,2485,41,1,0,1,0,0,56,1,4,2,8,4,0,0,0
79803,2186,62,1,0,1,0,0,54,1,4,3,5,1,0,0,0
80910,2765,34,0,0,1,0,0,71,1,3,3,8,1,0,0,0
27590,2591,38,1,1,0,1,0,38,1,1,0,2,7,0,0,1
56775,2702,41,1,1,0,0,1,62,2,5,8,10,5,0,0,0
83829,2423,45,1,0,1,0,0,78,0,4,7,6,1,3,0,0
54210,2564,41,0,1,0,0,1,18,2,4,1,7,5,0,0,0
38508,2490,34,1,1,0,1,0,95,6,7,2,5,8,0,0,1
53187,2405,50,1,1,0,1,0,66,2,4,1,6,5,0,0,0
30023,2256,48,1,1,0,1,0,28,1,2,0,3,8,0,0,1
76045,2385,60,1,0,1,0,0,78,1,4,5,11,2,1,0,0
50870,2169,68,1,1,0,0,1,13,1,2,0,3,5,0,0,1
15315,2489,50,0,1,0,0,0,27,2,2,0,4,5,0,0,1
65463,2309,46,0,1,0,1,0,17,2,6,2,9,5,1,0,0
66480,2188,55,1,1,0,1,1,71,7,4,1,7,4,0,0,0
76773,2648,66,1,0,1,0,0,79,1,2,2,11,1,0,0,0
81698,2644,37,0,0,1,0,0,1,1,8,2,5,5,1,0,0
54466,2299,47,1,0,1,0,0,78,1,1,0,2,5,0,0,0
98777,2291,60,1,0,1,0,0,23,0,4,6,9,1,1,0,0
16269,2462,36,1,0,1,0,0,75,3,3,0,3,8,0,0,1
71819,2464,49,1,1,0,0,1,70,3,3,3,5,6,2,0,0
33569,2415,37,1,1,0,1,0,10,1,1,1,2,8,1,0,1
36262,2441,37,1,1,0,0,0,24,1,3,5,3,6,1,0,1
22634,2688,54,0,1,0,0,0,47,1,2,1,2,8,0,0,1
47025,2449,42,0,1,0,0,1,98,5,11,1,6,9,0,0,1
70566,2425,52,1,0,1,0,0,4,2,6,5,9,3,0,0,0
31605,2743,41,1,1,0,1,0,15,2,2,1,4,7,0,0,1
52034,2567,47,1,0,1,0,0,67,5,4,2,5,7,0,0,0
48526,2346,41,1,0,1,0,0,32,1,2,1,4,3,0,0,1
46734,2747,66,1,1,0,0,1,40,2,6,1,5,7,0,0,1
39552,2717,58,1,0,1,0,0,54,7,6,2,5,8,0,0,1
86358,2849,54,1,0,1,0,0,78,4,5,3,6,8,0,0,0
46931,2225,43,1,1,0,2,1,94,2,1,1,3,3,0,0,1
16581,2692,35,0,0,1,0,0,51,1,0,0,3,4,0,0,1
63998,2350,68,0,0,1,0,0,42,1,7,6,11,4,0,0,0
67381,2689,69,1,1,0,0,1,67,4,2,2,9,7,1,0,0
25930,2421,53,1,0,1,0,0,87,1,1,0,2,7,0,0,1
42693,2181,42,1,1,0,1,0,29,1,1,0,3,5,0,0,1
85606,2753,44,1,1,0,0,1,89,2,6,7,9,3,1,0,0
72903,2402,35,1,0,1,0,0,74,1,7,5,8,4,3,0,0
49669,2195,46,0,1,0,1,0,97,2,5,1,6,6,0,0,1
36778,2852,52,1,1,0,1,1,63,3,3,0,3,9,0,0,1
85696,2581,58,1,0,1,0,0,88,1,4,6,9,1,0,0,0
10979,2197,31,1,0,1,0,0,34,2,3,0,3,5,0,0,1
49678,2671,59,1,1,0,0,1,81,2,6,2,4,7,0,0,1
56129,2533,67,1,1,0,0,1,65,4,6,2,10,4,0,0,0
37155,2673,31,1,1,0,1,0,51,1,2,0,4,5,0,0,1
21282,2208,42,0,0,1,0,0,76,2,2,1,2,6,0,0,1
33419,2475,58,1,0,1,0,0,76,2,2,0,4,7,0,0,1
63285,2395,75,1,0,1,0,0,84,1,6,5,13,3,0,0,0
21255,2318,46,1,1,0,1,0,56,4,2,1,4,4,0,0,1
42162,2381,39,1,1,0,1,0,31,2,3,1,3,6,1,0,1
54450,2812,64,1,1,0,1,1,0,12,9,2,8,8,0,0,0
57744,2388,66,1,1,0,0,1,91,2,9,1,4,8,0,0,0
26576,2783,34,1,0,1,0,0,40,1,1,0,2,9,1,0,1
57513,2517,77,1,0,1,0,0,59,2,9,3,13,6,0,0,0
68142,2828,56,1,1,0,0,1,96,3,10,4,7,6,0,0,0
7500,2828,41,1,1,0,0,1,61,1,1,0,2,8,0,0,1
83145,2804,46,1,1,0,0,0,14,1,5,9,11,2,1,0,0
54197,2246,60,1,1,0,0,1,16,2,1,3,6,1,0,0,0
23091,2191,57,1,0,1,0,0,98,4,2,1,3,7,0,0,1
46049,2502,44,1,1,0,1,1,11,10,5,2,9,7,0,0,1
56715,2730,46,1,1,0,0,0,52,1,7,3,4,4,0,0,0
79410,2190,59,1,1,0,0,0,19,1,3,2,5,1,0,0,0
57304,2634,69,1,1,0,0,1,61,2,7,6,10,5,0,0,0
44375,2257,55,1,1,0,0,1,73,1,4,1,6,5,0,0,1
54450,2812,64,1,1,0,1,1,0,12,9,2,8,8,0,0,0
59594,2776,55,1,1,0,0,1,74,1,8,1,7,7,1,0,0
80685,2835,26,1,1,0,0,0,55,1,6,4,10,2,0,0,0
40344,2418,46,1,1,0,0,1,48,2,4,1,5,7,0,0,1
62710,2561,48,1,1,0,0,1,53,4,4,2,12,4,0,0,0
48985,2518,52,0,1,0,0,1,13,1,1,1,3,3,0,0,1
35322,2835,52,1,1,0,1,2,34,3,2,0,4,8,0,0,1
77142,2555,72,1,1,0,0,0,54,1,4,4,8,2,0,0,0
81657,2317,51,1,0,1,0,0,69,1,3,4,8,1,0,0,0
14421,2291,24,0,1,0,0,0,81,1,1,0,2,5,1,0,1
20130,2263,46,0,1,0,0,0,99,1,1,0,3,8,0,0,1
74214,2831,30,1,1,0,0,0,3,1,8,2,5,5,0,0,0
66726,2327,63,1,1,0,1,1,61,3,8,2,4,7,1,0,0
23724,2696,41,0,1,0,1,0,65,2,2,0,3,8,0,0,1
47353,2387,60,1,1,0,0,1,93,3,2,2,6,5,0,0,1
33444,2762,68,1,1,0,1,1,24,1,1,0,2,8,0,0,1
54386,2567,39,1,1,0,0,1,8,2,3,2,10,3,0,0,0
28510,2601,39,1,0,1,0,0,72,3,2,0,4,5,0,0,1
90638,2295,29,1,0,1,0,0,29,1,3,4,10,1,1,0,0
48070,2691,70,1,1,0,0,1,33,3,8,2,6,7,0,1,1
43140,2699,63,1,1,0,0,1,68,1,4,1,5,6,0,0,1
54959,2685,59,1,0,1,0,0,55,3,9,5,4,7,1,0,0
15056,2581,62,0,0,1,0,0,76,5,2,2,3,5,0,0,1
26954,2211,49,1,0,1,0,0,17,1,1,0,2,7,0,0,1
22327,2490,35,1,0,1,0,0,94,1,1,0,3,5,0,0,1
44393,2470,55,1,1,0,1,1,86,2,1,0,4,4,0,0,1
62000,2467,68,1,0,1,0,0,25,1,6,6,13,4,1,0,0
31497,2729,58,1,1,0,0,1,22,2,3,1,4,8,0,0,1
45894,2281,46,0,1,0,0,2,15,1,1,0,3,5,0,0,1
78579,2713,50,1,0,1,0,0,35,1,5,6,4,3,0,0,0
67369,2748,51,1,0,1,0,0,81,4,7,4,10,4,2,0,0
58401,2229,60,1,0,1,0,0,55,1,1,2,2,4,0,0,0
62307,2291,68,1,0,1,0,0,94,1,4,0,4,5,0,0,0
43641,2592,51,1,1,0,1,1,50,3,2,1,4,6,0,0,1
63841,2593,52,1,0,1,0,0,64,1,9,3,9,6,0,0,0
46891,2460,55,0,1,0,0,1,91,1,2,1,4,4,0,0,1
70091,2614,51,1,1,0,1,0,11,2,5,2,10,8,1,0,0
78075,2244,48,1,1,0,0,0,72,1,3,5,5,1,0,0,0
59184,2817,59,0,0,1,0,0,6,3,6,6,12,5,0,0,0
54809,2450,43,1,1,0,1,1,0,4,2,1,5,4,0,0,0
58113,2679,61,1,1,0,0,1,66,3,9,2,8,7,0,1,0
51412,2339,62,1,1,0,0,1,42,2,3,2,4,4,0,0,1
15287,2786,41,1,0,1,0,0,60,2,1,1,2,7,1,0,1
66636,2475,63,1,1,0,0,0,64,1,3,4,9,1,0,0,0
50965,2653,64,1,1,0,0,1,87,3,10,4,5,8,1,0,1
84618,2378,55,1,1,0,0,0,96,1,6,9,10,2,1,0,0
18351,2402,30,1,1,0,0,0,1,1,2,0,3,7,0,0,1
40451,2292,63,1,1,0,0,2,54,1,1,1,2,5,1,0,1
36317,2562,55,1,1,0,0,1,53,2,3,0,4,7,0,0,1
42213,2419,63,1,1,0,0,1,96,2,5,1,7,7,1,0,1
65748,2599,65,1,1,0,0,1,58,2,2,4,10,1,0,1,0
77044,2404,48,1,1,0,0,1,12,2,7,11,11,4,1,0,0
74918,2633,51,1,1,0,0,0,78,1,5,9,6,3,1,0,0
56721,2765,48,1,1,0,1,1,64,5,4,1,5,6,0,0,0
42160,2525,45,1,0,1,0,0,26,4,2,1,4,6,0,0,1
61559,2506,55,1,0,1,0,0,8,1,4,2,10,3,0,0,0
33629,2849,57,1,1,0,1,1,49,5,3,1,4,9,0,0,1
68682,2425,29,1,1,0,0,0,56,1,4,9,10,2,0,0,0
34377,2685,57,1,0,1,0,0,55,2,2,2,2,7,0,0,1
8940,2835,34,0,0,1,0,0,25,3,3,1,3,8,0,0,1
26228,2439,47,1,1,0,1,0,50,1,1,0,2,8,0,0,1
77297,2678,63,0,0,1,0,0,84,1,5,7,9,4,1,0,0
40211,2493,39,1,1,0,1,1,30,2,2,1,2,8,1,0,1
33438,2439,62,1,0,1,0,0,81,4,2,1,4,5,0,0,1
75032,2586,61,1,1,0,0,1,74,2,5,4,9,3,0,0,0
61284,2419,65,1,0,1,0,0,76,1,11,2,8,6,1,0,0
22518,2774,34,1,1,0,1,0,36,2,2,1,2,5,1,0,1
54730,2477,45,1,1,0,0,1,64,5,4,1,8,4,0,0,0
38452,2250,65,1,1,0,1,1,62,3,3,0,3,7,0,0,1
44421,2658,49,1,0,1,0,0,53,5,5,0,4,8,0,0,1
38197,2524,34,1,1,0,1,0,86,1,1,0,3,5,0,0,1
41986,2299,42,1,0,1,0,0,15,3,3,0,4,4,0,0,1
28427,2624,37,1,1,0,1,0,67,2,2,0,3,8,0,0,1
37395,2217,44,1,1,0,1,0,47,1,1,0,3,6,0,0,1
64722,2193,49,1,1,0,1,0,47,4,8,2,11,6,0,0,0
55249,2232,64,1,1,0,0,1,81,1,2,1,4,3,0,0,0
84906,2427,48,1,1,0,0,0,98,1,5,6,12,2,3,0,0
28691,2519,31,1,1,0,1,0,56,1,1,0,3,8,0,0,1
44213,2371,68,1,0,1,0,0,48,4,2,1,5,6,0,0,1
25707,2321,36,0,0,1,0,0,18,1,1,0,3,7,0,0,1
59062,2428,53,1,1,0,2,1,74,2,2,0,3,4,0,0,0
76624,2195,58,1,0,1,0,0,68,1,5,10,7,1,1,0,0
66000,2229,73,1,1,0,0,0,36,1,1,3,5,1,0,0,0
27683,2853,42,1,1,0,1,0,90,4,6,2,4,8,0,0,1
1730,2201,49,1,0,1,0,0,65,15,0,0,0,20,0,0,1
7500,2732,28,0,0,1,0,0,63,4,3,2,2,9,0,0,1
40521,2609,52,1,1,0,1,1,82,1,0,1,2,5,0,0,1
20427,2256,47,1,1,0,1,0,63,1,1,0,2,8,0,0,1
65106,2195,45,1,1,0,0,1,55,3,8,3,13,6,1,0,0
69969,2465,55,1,1,0,0,0,64,1,4,2,6,3,2,0,0
67433,2507,68,1,1,0,0,2,51,4,6,5,13,4,1,0,0
77766,2651,53,1,1,0,0,1,97,2,11,10,11,6,1,0,0
74716,2449,48,1,1,0,0,1,92,2,7,3,5,4,0,0,0
68118,2413,57,1,0,1,0,0,51,2,8,9,4,6,0,0,0
55158,2858,50,1,1,0,1,1,72,4,7,2,5,7,0,0,0
62972,2854,65,0,1,0,0,1,39,2,7,4,3,6,0,0,0
74190,2207,45,1,1,0,0,1,49,2,4,2,11,2,0,0,0
39356,2261,44,1,1,0,1,1,21,1,1,0,2,6,1,0,1
76653,2476,51,1,1,0,0,0,91,1,4,7,11,2,2,0,0
35860,2200,47,1,0,1,0,0,37,2,1,1,2,5,1,0,1
90687,2562,37,1,0,1,0,0,98,1,6,2,8,2,1,0,0
73450,2365,38,1,1,0,0,0,85,1,7,8,11,3,2,0,0
31454,2517,60,1,1,0,1,1,40,3,2,0,3,8,0,0,1
47139,2274,68,1,0,1,0,0,2,2,2,1,2,7,0,0,1
83829,2423,45,1,0,1,0,0,78,0,4,7,6,1,3,0,0
53378,2802,57,1,1,0,1,1,41,10,9,4,6,8,0,0,0
19656,2665,50,1,1,0,1,0,94,3,2,1,3,7,0,0,1
45579,2472,72,1,1,0,0,1,10,1,4,1,4,6,0,0,1
85485,2167,62,0,0,1,0,0,73,1,6,6,6,2,0,0,0
55956,2242,76,1,1,0,0,0,22,2,7,3,4,4,1,0,0
64191,2682,57,1,0,1,0,0,30,3,5,3,13,3,0,0,0
38808,2831,48,1,0,1,0,0,21,4,5,1,4,8,1,0,1
57183,2626,54,1,1,0,1,1,51,8,9,1,7,8,0,0,0
23748,2744,52,1,0,1,0,0,97,3,2,1,3,8,0,0,1
66303,2647,49,1,1,0,0,1,56,4,3,4,11,8,1,0,0
37368,2354,45,1,1,0,1,0,4,1,1,0,2,6,1,0,1
40800,2703,56,1,1,0,1,2,77,2,3,0,3,7,0,1,1
71847,2805,42,1,0,1,0,0,95,0,6,7,9,3,1,0,0
46149,2371,45,1,1,0,0,1,36,5,5,1,7,5,0,0,1
78687,2848,37,1,1,0,0,0,13,1,4,6,8,2,1,0,0
49118,2839,49,0,0,1,0,0,90,2,9,7,10,7,2,0,1
37633,2806,63,1,1,0,1,1,49,2,1,0,3,9,0,0,1
39767,2502,69,1,1,0,0,0,18,2,7,1,7,8,0,0,1
26997,2760,69,0,1,0,0,0,89,2,4,2,5,7,0,0,1
33986,2631,50,1,0,1,0,0,43,1,1,0,3,7,0,0,1
57091,2742,48,1,1,0,0,1,82,2,9,2,5,7,1,0,0
46831,2545,51,0,1,0,1,1,84,2,1,2,2,4,0,0,1
83151,2663,48,1,1,0,0,0,80,1,5,7,10,2,3,0,0
52531,2705,49,1,1,0,0,0,68,2,7,2,10,6,0,0,0
15759,2456,64,1,1,0,0,0,12,1,1,0,2,7,0,0,1
22804,2492,49,1,0,1,0,0,75,1,2,0,2,9,0,0,1
43050,2262,47,0,1,0,1,0,10,2,2,0,4,5,0,0,1
42997,2363,43,1,0,1,0,0,91,1,1,0,2,7,0,0,1
48918,2237,57,1,0,1,0,0,21,2,1,0,4,4,0,0,1
60033,2251,66,1,1,0,0,1,28,2,2,1,5,2,0,0,0
34043,2406,42,1,1,0,1,0,97,1,2,0,2,9,0,0,1
57811,2529,54,1,1,0,0,1,49,5,7,2,11,5,1,0,0
78569,2289,74,1,1,0,0,0,14,1,4,6,4,1,1,0,0
7500,2708,42,1,0,1,0,0,5,4,2,1,3,6,0,0,1
94384,2641,67,1,1,0,0,0,62,0,5,8,5,2,3,0,0
23148,2290,35,0,1,0,0,0,83,1,2,0,3,7,0,0,1
44267,2648,50,1,0,1,0,0,48,5,5,2,4,9,0,0,1
71626,2764,41,1,1,0,0,0,94,1,5,5,8,3,1,0,0
60894,2525,54,1,1,0,0,1,61,5,10,3,8,7,0,0,0
50200,2611,44,1,1,0,1,1,70,6,7,1,5,8,0,0,1
81051,2196,55,1,1,0,0,0,43,1,5,5,12,2,2,0,0
65169,2325,38,1,1,0,0,0,23,1,10,4,13,6,4,0,0
59868,2501,48,1,1,0,0,1,37,7,11,2,12,6,0,0,0
65695,2308,60,1,1,0,0,1,50,2,5,4,10,4,0,0,0
64857,2742,64,1,0,1,0,0,78,1,7,5,10,4,0,0,0
45143,2466,55,1,1,0,0,1,74,3,6,1,5,7,0,0,1
74805,2394,65,0,1,0,0,1,14,5,4,7,10,2,0,0,0
59060,2328,31,0,1,0,1,0,77,3,3,1,7,4,0,0,0
27238,2594,58,1,0,1,0,0,39,3,3,0,3,9,0,0,1
47009,2430,55,1,1,0,0,1,89,4,3,2,8,4,0,0,1
46094,2178,47,0,1,0,1,1,62,1,1,0,3,7,0,0,1
40321,2494,48,1,1,0,1,1,59,2,3,0,3,7,0,0,1
37235,2307,36,1,1,0,1,0,68,1,1,1,2,4,0,0,1
81843,2592,60,1,1,0,0,0,13,1,5,9,12,3,0,0,0
46692,2547,62,1,1,0,0,1,37,3,6,1,5,6,0,0,1
77382,2332,52,1,1,0,0,1,36,2,5,7,12,1,1,0,0
37774,2823,43,1,0,1,0,0,28,4,7,2,3,9,1,1,1
18393,2251,46,0,1,0,1,0,2,2,3,0,3,8,0,0,1
72828,2659,58,1,1,0,0,1,17,6,6,3,13,7,0,0,0
24711,2231,38,1,1,0,0,0,86,1,3,0,3,7,0,0,1
45503,2436,45,1,1,0,1,0,54,1,3,1,4,5,0,0,1
6560,2358,38,1,0,1,0,0,2,0,1,0,1,17,0,0,1
71604,2383,75,1,1,0,0,0,3,1,8,3,5,4,1,0,0
27244,2273,41,1,1,0,1,0,84,2,2,2,2,7,0,0,1
48752,2723,51,1,1,0,1,1,8,5,6,1,5,9,0,0,1
71434,2443,58,1,1,0,0,1,4,3,7,4,7,4,2,0,0
90842,2494,72,1,0,1,0,0,57,1,4,9,13,1,0,0,0
88097,2839,42,1,1,0,1,0,24,1,6,5,8,9,3,0,0
51948,2444,45,1,1,0,0,1,51,2,5,2,4,5,0,0,1
71853,2576,38,1,1,0,0,0,29,1,2,8,6,1,0,0,0
35876,2229,37,1,1,0,0,0,13,1,3,1,3,6,0,0,1
40049,2415,68,1,0,1,0,0,23,1,1,0,3,6,0,0,1
39660,2849,38,1,0,1,0,0,36,3,7,1,3,9,0,0,1
50127,2190,58,1,1,0,0,1,88,1,5,1,6,6,1,0,1
43263,2744,43,1,1,0,0,1,2,3,5,2,6,5,0,0,1
62845,2795,71,1,1,0,1,1,3,11,3,4,10,8,1,0,0
18929,2657,30,1,1,0,0,0,15,1,1,0,4,6,0,0,1
24367,2625,38,0,0,1,0,0,58,1,1,0,2,9,0,0,1
33249,2653,45,1,0,1,0,0,11,2,2,1,3,6,0,0,1
26887,2663,61,0,1,0,0,1,27,1,1,0,3,6,0,0,1
50150,2533,37,1,1,0,0,0,32,2,5,2,7,5,0,0,1
62061,2461,44,1,1,0,0,1,12,3,10,4,7,6,1,0,0
85696,2581,58,1,0,1,0,0,88,1,4,6,9,1,0,0,0
76542,2615,64,1,1,0,0,0,91,1,4,8,10,2,0,0,0
70515,2410,27,1,0,1,0,0,12,1,6,6,4,2,0,0,0
18227,2757,33,1,1,0,1,0,21,1,0,1,2,8,0,0,1
69139,2312,55,1,1,0,0,1,23,1,4,1,5,4,0,0,0
69109,2756,38,1,1,0,0,0,10,1,6,6,7,4,1,0,0
69627,2628,58,1,0,1,0,0,35,2,8,2,11,5,0,0,0
38136,2592,42,1,1,0,1,0,69,2,3,1,2,8,1,0,1
62159,2221,74,1,0,1,0,0,68,1,6,2,10,4,0,0,0
80695,2341,57,1,0,1,0,0,85,1,5,8,5,2,0,0,0
33316,2427,49,1,0,1,0,0,34,3,2,1,4,6,0,0,1
58554,2800,52,1,1,0,1,1,55,6,8,2,6,7,0,0,0
17256,2377,28,0,1,0,1,0,10,2,2,1,2,8,1,0,1
53034,2554,46,1,0,1,0,0,30,8,6,1,7,8,0,0,0
52203,2857,70,0,1,0,0,0,36,1,8,7,11,6,0,0,0
59601,2498,43,0,0,1,0,0,14,4,2,2,7,8,1,0,0
75154,2822,62,1,0,1,0,0,79,1,6,3,6,3,0,0,0
47025,2393,44,1,0,1,0,0,52,3,6,3,5,6,0,0,1
37971,2375,47,1,1,0,1,0,97,1,1,0,3,8,0,0,1
41335,2344,52,1,0,1,0,0,24,3,4,1,4,7,0,0,1
67267,2206,62,1,1,0,0,1,0,1,3,2,5,2,0,0,0
57338,2220,45,1,0,1,0,0,96,2,4,1,5,5,0,0,0
50523,2345,60,0,1,0,1,1,89,2,2,0,4,6,0,0,1
35791,2578,55,1,0,1,0,0,94,2,1,0,3,8,0,0,1
50611,2792,60,1,0,1,0,0,98,6,4,5,7,6,1,0,1
56242,2642,51,1,1,0,0,1,72,5,8,4,11,6,0,0,0
48904,2733,60,1,0,1,0,0,1,4,7,2,4,8,0,0,1
56243,2340,45,1,0,1,0,0,26,6,4,2,8,5,0,0,0
21355,2472,35,1,1,0,1,0,5,2,2,1,2,6,1,0,1
57420,2528,49,1,1,0,0,1,22,3,5,1,6,7,1,0,0
46390,2214,65,1,0,1,0,0,56,1,4,2,3,7,0,0,1
54342,2520,64,0,1,0,1,1,74,4,3,1,4,6,0,0,0
20895,2790,47,1,1,0,1,0,24,1,2,0,3,9,0,0,1
92344,2324,72,1,1,0,0,0,9,0,5,10,5,1,2,0,0
26907,2472,44,0,1,0,1,1,10,2,1,0,3,7,0,0,1
44964,2719,40,1,1,0,1,1,35,1,1,0,3,8,0,0,1
75507,2217,41,1,1,0,0,0,56,1,8,6,6,3,0,0,0
53761,2420,48,1,1,0,1,1,7,6,4,4,3,5,0,0,0
22682,2428,47,1,1,0,1,0,51,3,2,1,4,4,0,0,1
38887,2278,48,1,1,0,1,0,17,1,1,0,3,7,0,0,1
41658,2756,45,0,0,1,0,0,30,2,1,1,2,4,0,0,1
29791,2204,48,1,1,0,1,0,21,2,2,0,3,5,0,0,1
63915,2493,64,1,1,0,0,2,2,2,6,3,12,5,0,0,0
39996,2197,46,1,0,1,0,0,85,1,1,0,2,6,0,0,1
26759,2301,48,1,0,1,0,0,65,2,2,1,3,6,0,0,1
63841,2593,52,1,0,1,0,0,64,1,9,3,9,6,0,0,0
51039,2725,51,1,1,0,1,1,11,2,6,2,4,7,0,0,1
60544,2832,59,1,1,0,1,1,92,4,5,1,5,6,0,0,0
65685,2251,48,1,1,0,0,1,54,1,9,2,9,5,0,0,0
37716,2228,67,1,1,0,0,1,4,2,4,1,3,7,0,0,1
36864,2844,63,1,0,1,0,0,53,3,5,2,4,8,0,0,1
44511,2784,50,1,1,0,1,0,39,6,8,4,8,8,0,0,1
36947,2850,53,1,1,0,1,1,49,4,3,0,4,9,0,0,1
47352,2603,69,1,1,0,0,1,70,4,6,1,5,7,0,0,1
67087,2353,67,1,1,0,0,1,40,2,7,5,8,4,0,0,0
57045,2818,70,1,1,0,0,1,40,3,4,2,9,3,0,0,0
36957,2820,67,1,0,1,0,0,43,4,3,2,2,9,0,0,1
69389,2798,43,1,1,0,0,1,17,1,7,2,12,4,0,0,0
80134,2564,48,1,1,0,1,0,40,2,5,3,6,6,3,0,0
43142,2290,51,1,1,0,1,1,84,1,1,0,2,7,0,0,1
80589,2317,76,1,1,0,0,0,25,1,5,10,5,1,1,0,0
34412,2660,30,1,0,1,0,0,62,3,5,0,3,9,0,0,1
57537,2543,41,1,0,1,0,0,83,4,4,3,8,4,0,0,0
22634,2688,54,0,1,0,0,0,47,1,2,1,2,8,0,0,1
51315,2285,72,1,1,0,0,0,45,1,2,2,5,2,0,0,1
36026,2264,48,1,1,0,2,1,34,2,2,0,3,6,0,0,1
24639,2311,47,1,1,0,1,1,3,3,2,0,4,6,0,0,1
34578,2238,48,1,1,0,2,1,1,1,1,0,2,6,0,0,1
65704,2418,48,0,0,1,0,0,18,1,2,10,10,1,0,0,0
63810,2754,54,1,0,1,0,0,45,4,4,3,12,8,1,0,0
54132,2292,51,1,1,0,0,1,81,1,1,0,3,7,0,0,0
18690,2707,61,1,1,0,0,0,77,1,1,1,2,8,0,0,1
28164,2580,50,1,1,0,1,0,23,3,2,0,4,7,0,0,1
34596,2601,46,1,1,0,1,0,48,1,1,0,2,8,0,0,1
43269,2445,48,1,1,0,1,0,61,1,1,0,2,8,0,0,1
38741,2250,62,0,0,1,0,0,60,2,2,0,3,7,0,0,1
31907,2641,48,1,0,1,0,0,75,1,6,1,6,7,0,0,1
27100,2609,37,1,1,0,1,0,64,1,1,0,3,7,0,0,1
31163,2295,47,0,0,1,0,0,54,1,1,0,3,6,0,0,1
92533,2351,35,1,1,0,0,0,84,1,6,5,11,2,2,0,0
34853,2347,47,1,0,1,0,0,75,2,2,0,3,6,0,0,1
70844,2401,53,1,0,1,0,0,16,5,6,1,5,7,0,0,0
31086,2580,41,0,1,0,1,1,79,2,1,1,2,8,1,0,1
60544,2832,59,1,1,0,1,1,92,4,5,1,5,6,0,0,0
20491,2679,34,0,1,0,0,0,16,1,0,1,2,7,0,0,1
42523,2226,56,1,1,0,0,0,96,1,1,1,4,2,0,0,1
39922,2659,37,1,1,0,1,0,30,2,3,0,4,8,0,0,1
33402,2505,68,1,1,0,1,1,60,3,2,1,3,8,0,0,1
36408,2440,71,1,1,0,1,1,11,1,1,0,2,6,0,0,1
21645,2823,41,1,1,0,1,0,75,3,3,0,3,9,0,0,1
78427,2772,72,1,0,1,0,0,36,3,3,7,10,3,1,0,0
82657,2434,74,1,1,0,0,0,71,1,7,5,10,4,2,0,0
51876,2416,62,1,1,0,0,0,88,1,2,2,8,1,0,0,1
78041,2719,49,0,1,0,0,0,93,1,4,4,9,2,0,0,0
52852,2734,63,1,1,0,0,1,93,4,10,7,5,8,1,0,0
70038,2406,38,1,1,0,0,0,54,1,4,4,8,2,0,0,0
69401,2257,47,0,1,0,0,1,41,4,4,4,5,2,0,0,0
46053,2656,48,1,1,0,1,0,46,3,3,2,4,5,0,0,1
77343,2179,55,1,1,0,0,0,28,1,3,4,9,1,0,0,0
73892,2387,67,1,0,1,0,0,40,1,3,11,8,1,0,0,0
40304,2431,53,1,0,1,0,0,82,1,2,0,3,7,0,0,1
32727,2829,55,1,1,0,0,0,38,2,7,3,5,8,0,0,1
68695,2163,51,1,1,0,0,0,3,1,4,4,7,2,0,0,0
43300,2783,49,1,0,1,0,0,87,3,4,0,4,8,0,0,1
26290,2692,48,1,1,0,1,1,49,4,2,0,4,6,0,0,1
93790,2296,50,1,0,1,0,0,16,0,6,7,12,2,3,0,0
38410,2812,46,1,1,0,0,0,65,2,5,2,9,6,0,0,1
64866,2313,70,1,0,1,0,0,9,4,7,3,7,5,1,0,0
57957,2473,61,1,1,0,0,1,24,7,4,6,8,3,0,1,0
46015,2236,65,1,1,0,1,1,25,1,1,0,3,7,2,0,1
16531,2170,42,1,1,0,1,0,43,3,3,0,3,7,0,0,1
28072,2515,34,1,1,0,1,0,10,1,1,0,3,7,0,0,1
49476,2533,57,1,0,1,0,0,29,4,2,11,5,2,0,0,1
50725,2660,67,1,1,0,0,1,45,4,8,1,8,8,0,0,1
83844,2572,68,1,1,0,0,0,57,1,4,4,11,1,1,0,0
41145,2300,70,1,1,0,1,1,20,1,0,0,3,3,0,0,1
67419,2688,50,1,1,0,0,1,29,4,9,4,8,5,0,0,0
23162,2349,50,0,1,0,1,1,82,3,1,1,3,6,0,0,1
34380,2582,43,1,1,0,1,0,68,4,4,1,3,8,0,0,1
34704,2587,54,1,0,1,0,0,65,1,1,0,3,5,0,0,1
94871,2825,51,1,1,0,0,2,99,1,8,5,4,7,2,0,0
65148,2749,62,1,1,0,0,1,9,2,6,6,7,4,0,0,0
39898,2661,66,1,1,0,0,1,20,2,3,0,4,7,0,0,1
64857,2742,64,1,0,1,0,0,78,1,7,5,10,4,0,0,0
59892,2398,50,1,1,0,0,1,26,1,2,1,3,3,0,0,0
41020,2403,33,1,0,1,0,0,68,1,3,2,4,3,0,0,1
57072,2315,59,1,1,0,0,1,79,2,7,5,13,5,1,0,0
60474,2613,41,1,0,1,0,0,25,7,10,2,12,7,0,0,0
62807,2826,60,1,1,0,0,1,83,3,5,3,12,5,0,0,0
19414,2415,39,0,1,0,1,0,32,1,1,0,3,8,0,0,1
19107,2470,40,1,1,0,1,0,49,2,1,0,3,7,0,0,1
75484,2855,44,0,1,0,0,1,50,2,7,3,6,4,0,0,0
70379,2642,44,1,0,1,0,0,84,3,6,3,13,4,0,0,0
79419,2166,50,1,1,0,0,0,96,1,4,6,4,2,0,0,0
64014,2178,74,1,1,0,2,1,56,7,8,2,5,7,1,0,0
76998,2693,65,1,1,0,0,1,85,2,11,8,8,6,1,0,0
49854,2390,48,1,1,0,1,0,63,5,6,2,5,6,0,0,1
60585,2529,49,1,1,0,1,1,17,10,7,4,9,5,0,0,0
42873,2683,70,1,0,1,0,0,11,4,6,1,4,8,0,0,1
87679,2496,32,1,1,0,0,0,62,1,7,11,10,4,3,0,0
57867,2430,42,1,1,0,1,0,48,7,7,2,9,6,0,0,0
35765,2359,30,1,1,0,1,0,86,2,2,0,4,6,0,0,1
65492,2313,61,1,1,0,0,0,73,2,4,7,13,2,0,0,0
32952,2369,43,1,0,1,0,0,36,1,2,0,3,7,0,0,1
53374,2841,51,1,1,0,0,1,34,6,4,2,9,9,1,0,0
71706,2752,61,1,1,0,0,1,16,4,9,5,7,5,0,0,0
68487,2691,32,1,1,0,0,0,48,1,9,7,13,4,0,0,0
53253,2662,45,1,1,0,1,1,61,7,4,3,5,5,0,0,0
31163,2295,47,0,0,1,0,0,54,1,1,0,3,6,0,0,1
42014,2840,43,1,1,0,1,0,56,6,7,1,6,8,0,0,1
54108,2760,47,1,1,0,1,1,74,13,8,2,9,8,0,0,0
49667,2837,65,1,0,1,0,0,35,2,5,10,5,8,1,0,1
63206,2260,46,1,1,0,0,0,65,1,4,3,6,2,1,0,0
57136,2514,48,1,1,0,1,1,48,9,5,2,10,6,0,0,0
46772,2758,45,0,1,0,0,1,88,6,11,8,5,8,1,0,1
78931,2406,49,1,1,0,0,0,19,1,2,8,13,1,0,0,0
53977,2545,62,1,1,0,0,1,21,5,5,5,12,5,0,0,0
84219,2306,32,1,1,0,0,0,27,1,3,4,10,1,0,0,0
46098,2839,45,1,0,1,0,0,86,4,3,2,2,8,0,0,1
73538,2740,55,1,1,0,0,1,92,3,10,4,9,7,0,0,0
79529,2222,34,1,1,0,0,0,1,1,4,8,9,2,0,0,0
20981,2584,43,0,1,0,0,0,14,1,3,1,2,8,0,0,1
51766,2269,40,1,0,1,0,0,74,2,4,2,4,5,0,0,1
55759,2737,58,1,1,0,0,1,84,5,10,3,8,8,0,0,0
33039,2452,42,1,1,0,1,0,4,1,2,0,4,5,0,0,1
37787,2441,48,1,1,0,1,0,50,1,3,0,3,8,0,0,1
27242,2754,50,1,0,1,0,0,2,2,2,0,3,9,0,0,1
87188,2550,37,1,0,1,0,0,73,1,10,2,6,3,0,0,0
69930,2558,49,1,1,0,0,0,21,1,4,5,12,3,0,0,0
37697,2301,44,1,0,1,0,0,82,1,2,1,3,6,0,0,1
37401,2213,47,1,1,0,1,0,14,2,2,0,3,7,0,0,1
3502,2601,47,1,0,1,0,0,56,0,0,0,0,14,0,0,1
58597,2745,44,1,1,0,1,1,20,12,7,4,9,7,0,0,0
82032,2244,72,1,0,1,0,0,54,0,4,6,7,1,0,0,0
28087,2724,62,1,1,0,1,1,77,3,2,2,2,7,0,0,1
74004,2284,33,1,0,1,0,0,5,1,4,6,4,3,2,0,0
19740,2621,60,1,1,0,0,1,65,2,1,1,3,5,0,0,1
57036,2724,45,0,1,0,0,1,33,4,6,3,13,9,1,0,0
53083,2569,62,0,1,0,1,1,65,6,5,1,5,7,1,0,0
69283,2174,45,1,1,0,0,1,41,4,7,3,13,5,0,0,0
46098,2839,45,1,0,1,0,0,86,4,3,2,2,8,0,0,1
23331,2822,32,0,1,0,1,0,92,2,3,0,3,8,0,0,1
23331,2791,32,0,0,1,0,0,97,6,5,1,5,9,0,0,1
9255,2350,31,1,0,1,0,0,91,1,1,1,2,8,0,0,1
67786,2363,61,1,0,1,0,0,0,1,3,6,6,1,0,0,0
71969,2780,49,1,1,0,0,1,59,3,3,4,9,8,1,0,0
59235,2692,53,1,0,1,0,0,4,3,11,2,12,7,0,0,0
31928,2252,31,1,1,0,1,0,5,2,3,0,4,7,0,0,1
74881,2637,59,1,1,0,1,1,48,4,9,2,12,5,0,0,0
65819,2736,42,1,1,0,0,0,99,1,5,4,10,3,0,0,0
51411,2558,67,1,0,1,0,0,81,1,0,0,3,5,0,0,1
51983,2826,56,1,0,1,0,0,95,3,9,2,10,7,0,0,0
42386,2691,34,1,1,0,1,0,43,1,3,0,3,8,0,0,1
30390,2459,33,0,1,0,0,0,5,1,2,0,3,6,0,0,1
30983,2756,57,1,0,1,0,0,50,1,4,0,3,8,0,0,1
66033,2684,63,1,0,1,0,0,76,2,8,3,7,7,0,0,0
37284,2616,45,0,1,0,1,1,46,1,0,0,3,6,0,0,1
57530,2419,69,1,0,1,0,0,68,1,1,1,4,1,0,0,0
76800,2272,55,0,1,0,0,0,33,1,4,4,7,1,0,0,0
63943,2824,64,1,1,0,0,1,50,1,6,4,6,5,0,0,0
76081,2196,58,1,1,0,0,0,85,1,4,5,4,2,1,0,0
67445,2845,46,1,1,0,0,1,63,5,9,6,12,6,0,0,0
37054,2446,53,1,1,0,1,1,89,2,1,0,3,7,0,0,1
47175,2768,58,1,1,0,1,1,81,7,4,2,4,8,1,0,1
31859,2539,44,1,0,1,0,0,77,1,1,0,2,7,0,0,1
27215,2681,59,1,0,1,0,0,50,4,2,1,4,6,0,0,1
70179,2502,44,1,0,1,0,0,10,3,7,3,13,5,0,0,0
39922,2659,37,1,1,0,1,0,30,2,3,0,4,8,0,0,1
49681,2396,44,1,1,0,0,2,66,6,7,1,7,7,0,0,1
24645,2764,32,1,1,0,1,0,16,1,1,0,2,8,0,0,1
79865,2170,66,1,0,1,0,0,12,1,5,10,5,1,0,0,0
44322,2172,35,1,1,0,1,0,30,2,3,0,3,8,0,0,1
47958,2685,68,1,0,1,0,0,8,2,6,3,5,5,0,0,1
63972,2733,56,1,0,1,0,0,93,4,5,4,10,4,1,0,0
75315,2234,66,1,1,0,0,1,14,2,5,4,12,2,0,0,0
55517,2799,70,1,1,0,1,1,53,5,11,1,6,9,0,0,0
75283,2618,63,1,1,0,1,2,26,11,6,3,5,4,0,0,0
82800,2741,74,1,0,1,0,0,23,1,7,6,12,3,2,0,0
38998,2762,66,1,1,0,1,1,92,3,2,0,3,8,0,1,1
90638,2295,29,1,0,1,0,0,29,1,3,4,10,1,1,0,0
27161,2403,34,1,1,0,1,0,41,1,1,0,3,7,0,0,1
42014,2840,43,1,1,0,1,0,56,6,7,1,6,8,0,0,1
38201,2616,60,1,1,0,0,1,19,4,5,1,5,8,0,0,1
45203,2257,38,1,1,0,2,0,4,1,3,1,3,6,0,0,1
81574,2221,73,1,1,0,0,0,89,1,4,5,8,1,2,0,0
34935,2532,28,1,1,0,0,0,71,1,2,1,4,7,0,0,1
60482,2681,44,1,0,1,0,0,81,1,7,2,7,7,0,0,0
34633,2316,64,1,1,0,2,1,31,1,1,0,2,6,0,0,1
78093,2359,73,1,1,0,0,0,53,1,4,7,5,1,0,0,0
82460,2368,70,1,0,1,0,0,78,1,5,3,6,1,0,0,0
45903,2226,54,1,1,0,0,1,80,2,2,1,3,4,0,0,1
81361,2283,33,1,0,1,0,0,18,1,3,10,13,1,0,0,0
35860,2200,47,1,0,1,0,0,37,2,1,1,2,5,1,0,1
40442,2838,68,1,1,0,1,1,52,4,3,1,4,7,0,0,1
61482,2161,55,1,1,0,0,0,39,1,3,2,6,2,0,0,0
34968,2604,40,1,1,0,1,0,11,7,3,2,5,7,0,0,1
75794,2346,33,1,1,0,0,0,33,1,7,5,12,3,1,0,0
31497,2729,58,1,1,0,0,1,22,2,3,1,4,8,0,0,1
74268,2659,65,1,1,0,0,0,83,1,4,3,5,2,0,0,0
13724,2826,32,0,1,0,1,0,43,1,2,0,2,9,1,0,1
45143,2466,55,1,1,0,0,1,74,3,6,1,5,7,0,0,1
52569,2244,53,1,0,1,0,0,54,1,2,0,4,3,0,0,0
48432,2778,47,1,0,1,0,0,3,5,7,1,6,8,0,0,1
17144,2293,60,1,1,0,1,1,96,5,3,0,4,7,0,0,1
36108,2416,36,1,0,1,0,0,68,3,7,1,4,9,1,0,1
76445,2798,49,1,1,0,1,0,2,1,2,5,13,6,0,0,0
36663,2224,45,1,1,0,1,0,40,1,1,1,3,2,0,0,1
53843,2526,55,1,1,0,0,1,64,4,8,5,3,7,0,0,0
90226,2800,64,1,1,0,0,0,26,1,4,7,12,2,1,0,0
70638,2552,65,1,0,1,0,0,69,1,4,5,10,3,1,0,0
44512,2462,60,1,1,0,1,1,57,2,1,0,3,4,0,0,1
27116,2278,59,1,1,0,1,1,78,2,2,0,3,7,0,0,1
54072,2496,57,1,1,0,1,1,71,1,2,0,2,8,0,0,0
71855,2688,43,1,1,0,0,1,59,4,5,5,11,3,0,0,0
51250,2615,30,0,0,1,0,0,28,5,10,5,4,9,1,0,1
60432,2271,47,1,1,0,0,1,61,5,7,2,5,6,0,0,0
65526,2238,56,1,1,0,0,1,22,1,4,4,8,2,0,0,0
68655,2847,32,1,0,1,0,0,95,1,4,5,11,3,0,0,0
12393,2731,42,0,1,0,0,0,38,1,2,0,3,9,0,0,1
64509,2475,30,1,0,1,0,0,19,1,6,3,9,4,1,0,0
33955,2483,45,1,0,1,0,0,92,4,5,1,5,8,0,0,1
31353,2341,43,1,1,0,1,1,24,2,1,1,2,8,0,0,1
55434,2426,36,1,1,0,1,0,21,3,5,3,13,4,0,0,0
28359,2404,37,1,1,0,1,0,35,1,1,0,2,7,0,0,1
57100,2201,33,1,0,1,0,0,9,2,3,2,7,3,0,0,0
69139,2312,55,1,1,0,0,1,23,1,4,1,5,4,0,0,0
52973,2757,64,1,1,0,0,1,92,7,9,6,9,8,0,0,0
51717,2472,55,1,1,0,0,1,55,1,3,0,4,7,1,0,1
18793,2692,49,1,1,0,1,0,14,3,2,0,4,8,0,0,1
66664,2801,38,0,1,0,0,0,78,1,5,7,6,3,0,0,0
50664,2688,61,1,0,1,0,0,64,9,8,1,6,9,0,0,1
54414,2681,57,1,1,0,1,1,49,4,3,1,5,4,0,0,0
54549,2277,68,1,1,0,0,1,8,2,5,1,4,7,0,0,0
47111,2818,49,1,0,1,0,0,35,6,3,2,10,9,0,0,1
41003,2628,57,1,0,1,0,0,11,1,6,2,8,6,0,0,1
19444,2286,38,1,1,0,1,0,8,3,4,1,2,7,0,0,1
36301,2406,44,0,1,0,1,0,53,1,3,0,3,7,0,0,1
73059,2461,73,1,1,0,0,1,36,1,9,3,13,4,0,0,0
42731,2410,51,1,1,0,1,0,64,3,4,1,5,5,0,0,1
52854,2256,61,1,1,0,1,1,43,2,2,1,4,5,0,0,0
22775,2534,42,1,1,0,1,0,40,1,1,0,2,8,0,0,1
46681,2423,72,1,1,0,0,2,52,2,4,6,4,5,0,0,1
59821,2602,65,1,1,0,0,1,11,6,11,2,7,8,0,0,0
50002,2536,66,1,0,1,0,0,21,2,8,2,7,7,0,0,1
69755,2429,75,1,1,0,0,0,23,1,3,6,12,1,0,0,0
44078,2169,51,1,1,0,1,1,17,2,2,0,3,5,0,0,1
30560,2526,44,1,1,0,1,0,6,1,1,0,3,7,0,0,1
35924,2257,51,1,1,0,1,1,56,1,1,0,3,5,0,0,1
64140,2438,56,1,0,1,0,0,71,5,2,5,6,5,3,0,0
56386,2769,39,1,1,0,1,1,51,8,9,1,7,9,0,0,0
24594,2360,41,0,1,0,1,0,94,1,1,0,3,5,0,0,1
75774,2217,39,0,1,0,1,0,27,1,7,5,8,4,0,0,0
39228,2574,60,1,0,1,0,0,1,1,0,0,3,4,0,0,1
58494,2358,46,1,1,0,0,1,56,2,6,2,6,6,0,0,0
58684,2172,39,1,0,1,0,0,71,1,5,3,12,2,1,0,0
57136,2566,53,1,0,1,0,0,18,1,7,5,7,6,0,0,0
56551,2212,70,1,0,1,0,0,48,3,2,1,4,4,0,0,0
22448,2282,38,1,1,0,1,0,86,3,2,1,3,3,0,0,1
82014,2837,59,1,0,1,0,0,48,1,3,6,12,6,0,0,0
34213,2819,57,1,0,1,0,0,2,3,3,1,2,9,0,0,1
25358,2501,73,1,0,1,0,0,57,2,1,0,3,6,0,0,1
35544,2272,42,1,0,1,0,0,77,1,2,0,3,7,0,0,1
36634,2556,66,1,1,0,0,1,0,3,5,2,5,7,0,0,1
62670,2306,66,1,1,0,0,1,57,1,5,3,13,3,0,0,0
50334,2499,48,0,1,0,0,1,24,6,7,4,6,6,0,0,1
72066,2165,39,1,0,1,0,0,55,1,4,6,6,2,2,0,0
50729,2582,62,1,0,1,0,0,62,9,6,2,7,6,0,0,1
34916,2569,52,1,1,0,2,0,89,4,5,1,3,9,0,0,1
64892,2190,44,1,0,1,0,0,77,2,6,4,12,4,0,0,0
43602,2329,54,1,0,1,0,0,45,3,3,1,2,6,0,0,1
33996,2450,31,1,0,1,0,0,46,1,1,1,3,4,0,0,1
41473,2534,35,0,0,1,0,0,80,1,2,0,3,7,0,0,1
63246,2472,53,1,1,0,0,2,60,1,6,3,12,4,0,0,0
36732,2341,61,1,1,0,1,1,71,3,1,1,4,2,0,0,1
69084,2381,50,1,1,0,1,0,43,2,7,3,13,8,0,0,0
77766,2651,53,1,1,0,0,1,97,2,11,10,11,6,1,0,0
37929,2493,35,1,0,1,0,0,49,2,4,2,5,7,2,0,1
86610,2456,69,1,1,0,0,0,66,1,5,6,6,2,0,0,0
80141,2693,34,1,1,0,0,0,20,1,7,4,10,6,1,0,0
72635,2550,65,0,1,0,0,0,54,1,6,8,6,3,1,0,0
69016,2743,50,1,1,0,0,1,61,4,8,9,13,5,0,0,0
20193,2737,29,0,1,0,0,0,18,1,1,1,4,4,0,0,1
27573,2620,45,1,1,0,1,0,45,4,5,1,4,8,0,0,1
15862,2526,41,0,0,1,0,0,26,1,1,0,3,8,0,0,1
49544,2661,44,1,1,0,1,0,0,2,5,1,8,7,0,0,1
33228,2316,40,1,1,0,1,0,28,1,2,0,3,7,0,0,1
70440,2423,42,1,1,0,0,0,49,1,5,10,7,3,1,0,0
38232,2322,49,1,1,0,1,1,84,4,3,1,3,5,0,0,1
22554,2762,65,1,1,0,1,1,38,4,2,0,4,5,0,0,1
23536,2184,37,1,1,0,1,0,53,1,0,0,3,3,0,0,1
49413,2406,68,1,1,0,0,1,88,2,4,2,5,5,0,0,1
42231,2255,51,1,1,0,1,1,99,1,1,0,3,5,0,0,1
78789,2849,40,1,0,1,0,0,12,1,4,6,5,2,0,0,0
56534,2500,52,1,1,0,0,1,35,4,10,4,7,8,2,0,0
58350,2700,49,1,0,1,0,0,5,4,8,3,12,6,0,0,0
81217,2504,31,1,0,1,0,0,77,1,3,7,11,1,0,0,0
49090,2504,69,1,0,1,0,0,45,3,7,2,9,7,0,0,1
61787,2517,33,1,0,1,0,0,71,1,8,4,6,5,0,0,0
18169,2654,35,1,1,0,1,0,40,1,1,0,2,8,0,0,1
24336,2830,39,0,0,1,0,0,82,1,1,0,2,7,0,0,1
18222,2704,30,1,1,0,0,0,70,1,2,0,3,8,0,0,1
62335,2561,68,1,0,1,0,0,87,2,3,3,13,2,0,0,0
42033,2807,49,0,1,0,1,1,95,1,1,0,2,7,0,0,1
86580,2646,37,1,1,0,0,0,72,0,4,2,5,1,1,0,0
41437,2804,63,1,0,1,0,0,5,1,1,0,3,7,0,0,1
73705,2275,69,1,0,1,0,0,86,2,9,6,8,5,0,0,0
61064,2826,44,1,1,0,0,1,80,5,8,4,11,6,0,0,0
38452,2250,65,1,1,0,1,1,62,3,3,0,3,7,0,0,1
18358,2380,31,1,0,1,0,0,49,3,3,0,4,7,0,0,1
55012,2259,47,1,1,0,0,1,85,6,8,2,9,5,0,0,0
9722,2794,47,0,1,0,1,0,7,4,3,1,3,8,0,0,1
38175,2438,36,1,1,0,1,0,6,3,3,1,4,7,0,0,1
58656,2806,64,1,1,0,0,1,25,4,7,8,13,6,1,0,0
52117,2841,55,1,1,0,0,1,55,2,5,2,4,7,0,0,0
64813,2337,42,1,1,0,1,0,81,1,7,2,10,5,0,0,0
54222,2279,47,1,1,0,0,1,98,1,3,3,5,3,0,0,0
83512,2171,34,1,1,0,0,0,31,1,4,7,10,1,4,0,0
77520,2464,61,1,1,0,0,1,30,1,8,7,7,4,3,0,0
41154,2605,42,1,1,0,0,1,98,1,1,0,4,5,0,0,1
80398,2755,54,1,1,0,0,0,92,1,5,8,12,3,1,0,0
18746,2190,28,0,0,1,0,0,41,2,3,0,3,6,0,0,1
35196,2752,36,1,1,0,1,0,68,6,6,1,5,8,0,0,1
60230,2564,64,1,0,1,0,0,78,2,6,3,6,5,0,0,0
22108,2211,43,1,1,0,1,1,46,2,2,0,3,7,0,0,1
44392,2456,46,1,1,0,1,1,71,5,4,1,4,7,0,0,1
55424,2740,44,1,1,0,0,1,6,4,7,5,9,6,1,0,0
17688,2691,41,1,1,0,1,0,82,1,1,0,2,8,0,1,1
92491,2583,37,1,1,0,0,0,71,1,7,5,12,3,3,0,0
90273,2356,29,1,0,1,0,0,32,1,5,6,7,2,3,0,0
82571,2247,58,1,0,1,0,0,28,0,6,5,13,2,1,0,0
38513,2311,38,1,0,1,0,0,20,5,6,1,5,8,0,0,1
16653,2231,41,1,0,1,0,0,10,3,2,1,3,6,0,0,1
42586,2767,65,1,1,0,1,1,7,5,4,1,6,8,0,0,1
23529,2697,55,0,0,1,0,0,67,1,1,1,2,6,0,0,1
74881,2637,59,1,1,0,1,1,48,4,9,2,12,5,0,0,0
71107,2656,69,1,1,0,0,1,61,2,7,6,13,4,0,0,0
46910,2257,56,1,1,0,1,1,36,2,2,0,3,6,0,0,1
18690,2707,61,1,1,0,0,0,77,1,1,1,2,8,0,0,1
37244,2587,65,1,0,1,0,0,90,1,1,1,2,7,1,0,1
82427,2268,54,1,1,0,0,0,35,1,3,5,12,1,1,0,0
75342,2578,62,0,0,1,0,0,38,1,5,2,10,4,0,0,0
70044,2655,66,1,0,1,0,0,46,4,7,10,5,5,0,0,0
79146,2225,53,1,0,1,0,0,33,2,8,1,8,6,0,0,0
77437,2374,57,1,1,0,0,0,70,1,4,5,13,1,1,0,0
54984,2195,61,1,1,0,0,1,51,4,6,1,6,7,1,0,0
42403,2359,49,1,1,0,1,0,18,1,1,0,3,8,0,0,1
55761,2225,56,1,1,0,0,1,97,2,4,1,3,6,1,0,0
37292,2596,37,1,1,0,1,0,32,5,6,3,5,8,0,0,1
45576,2191,75,1,0,1,0,0,9,1,3,1,3,8,0,0,1
70321,2688,73,1,1,0,0,0,6,1,6,5,13,4,0,0,0
58086,2684,51,1,0,1,0,0,80,2,11,3,7,8,0,0,0
81795,2770,68,1,1,0,0,0,74,1,4,11,7,2,0,0,0
28389,2745,73,0,1,0,0,0,49,1,1,0,2,7,0,0,1
66835,2433,74,1,1,0,0,0,21,1,6,4,13,2,0,0,0
69901,2555,51,1,0,1,0,0,95,3,7,3,10,5,0,0,0
80360,2642,71,1,1,0,0,0,56,2,4,4,5,2,3,0,0
63342,2780,59,1,1,0,0,1,48,3,8,3,5,6,1,0,0
44989,2814,46,1,1,0,0,1,26,5,5,1,5,6,0,0,1
31859,2281,40,0,0,1,0,0,3,1,1,0,3,7,0,0,1
51569,2661,71,1,0,1,0,0,39,4,7,1,7,8,1,0,1
30372,2710,49,1,0,1,0,0,33,3,2,0,3,7,0,0,1
16014,2628,41,0,0,1,0,0,42,4,1,1,4,3,0,0,1
41120,2394,52,1,1,0,1,1,80,3,2,1,3,6,0,0,1
39763,2488,49,1,0,1,0,0,9,2,5,1,2,9,0,0,1
38725,2209,65,1,1,0,1,1,52,2,1,0,4,4,0,0,1
77981,2558,48,1,1,0,1,0,78,3,7,4,7,5,0,0,0
62905,2451,56,0,1,0,0,1,68,3,7,2,8,4,0,0,0
13533,2635,41,0,0,1,0,0,45,2,2,0,3,7,0,0,1
59481,2408,45,1,1,0,0,1,47,2,3,3,8,2,0,0,0
72117,2472,43,1,1,0,0,1,34,1,9,7,9,5,0,0,0
21955,2454,34,0,1,0,1,0,81,2,2,1,3,6,0,0,1
67131,2619,64,1,1,0,0,1,72,3,9,2,12,6,0,0,0
36802,2172,40,1,0,1,0,0,23,1,1,0,3,5,0,0,1
71853,2576,38,1,1,0,0,0,29,1,2,8,6,1,0,0,0
28249,2173,59,0,1,0,0,0,80,1,2,0,3,6,0,0,1
47808,2411,45,1,1,0,0,1,30,2,3,2,3,7,1,0,1
25509,2808,46,1,0,1,0,0,15,3,3,0,3,9,0,0,1
51012,2596,74,1,1,0,0,0,86,1,4,1,4,6,0,0,1
70596,2791,35,1,0,1,0,0,68,1,3,5,12,2,0,0,0
85431,2545,68,1,1,0,0,0,54,1,2,7,7,0,0,0,0
42664,2262,53,1,1,0,0,1,44,1,1,0,3,6,0,0,1
42586,2767,65,1,1,0,1,1,7,5,4,1,6,8,0,0,1
29760,2828,35,1,0,1,0,0,87,4,3,1,4,8,0,0,1
28973,2783,43,1,1,0,0,0,59,2,5,1,5,8,0,0,1
39435,2486,47,1,1,0,1,0,16,1,3,1,2,7,0,0,1
65370,2491,36,0,1,0,0,0,1,1,2,3,13,1,0,0,0
20194,2718,41,0,0,1,0,0,64,2,2,0,3,6,0,0,1
42473,2291,44,1,0,1,0,0,72,3,2,1,4,5,0,0,1
64590,2782,52,1,1,0,0,0,98,1,9,4,10,6,0,0,0
71232,2372,61,1,1,0,0,1,91,2,11,2,10,7,0,0,0
34600,2703,49,1,1,0,1,1,8,5,5,2,5,8,0,0,1
46904,2762,53,1,0,1,0,0,20,4,5,1,4,8,0,0,1
49094,2805,47,1,1,0,0,1,6,5,6,3,6,6,0,0,1
36075,2361,37,1,1,0,1,0,54,1,2,0,4,6,0,0,1
60839,2829,41,0,1,0,1,1,72,13,2,2,12,8,0,0,0
77298,2398,41,1,1,0,0,1,46,1,6,6,11,3,0,0,0
34026,2487,70,1,1,0,1,1,11,3,2,1,3,5,0,0,1
48918,2237,57,1,0,1,0,0,21,2,1,0,4,4,0,0,1
82122,2477,58,0,1,0,0,0,89,1,3,9,13,1,1,0,0
37697,2301,44,1,0,1,0,0,82,1,2,1,3,6,0,0,1
34074,2510,68,1,1,0,1,1,69,5,3,3,3,6,1,0,1
28520,2539,60,1,1,0,1,1,55,1,1,1,2,6,0,0,1
62535,2428,65,1,0,1,0,0,13,1,3,2,8,3,0,0,0
36273,2233,43,1,0,1,0,0,80,2,3,0,3,6,0,0,1
63404,2182,56,1,1,0,0,2,97,2,6,3,4,4,1,0,0
75774,2217,39,0,1,0,1,0,27,1,7,5,8,4,0,0,0
78416,2161,44,1,1,0,0,1,99,2,7,7,10,3,0,0,0
75702,2782,46,1,1,0,0,1,87,1,10,5,13,6,1,0,0
59385,2586,69,1,1,0,1,1,85,2,3,1,4,5,0,0,0
37070,2625,54,1,0,1,0,0,30,9,5,1,8,7,0,0,1
44689,2329,69,1,1,0,1,1,82,2,1,1,2,7,1,0,1
53977,2545,62,1,1,0,0,1,21,5,5,5,12,5,0,0,0
7144,2363,54,1,0,1,0,0,92,0,23,1,1,0,0,0,1
18701,2549,56,1,0,1,0,0,95,4,2,0,4,5,0,0,1
90369,2221,64,1,1,0,0,0,2,1,4,6,6,1,0,0,0
63159,2760,46,1,0,1,0,0,74,1,3,5,8,3,1,0,0
37758,2792,54,1,1,0,1,1,49,2,1,0,3,8,0,0,1
46757,2749,57,1,0,1,0,0,71,6,4,4,7,9,0,0,1
79734,2160,51,1,1,0,0,0,72,1,4,3,6,1,1,0,0
63207,2684,28,1,1,0,0,0,68,1,2,3,6,7,1,0,0
72071,2659,66,1,0,1,0,0,4,3,5,4,8,2,0,0,0
21840,2502,37,1,1,0,1,0,80,1,1,0,3,9,0,0,1
58582,2433,38,0,1,0,0,1,15,2,9,2,9,5,1,0,0
72282,2504,69,1,0,1,0,0,70,1,5,7,9,7,0,0,0
50387,2461,64,1,1,0,0,2,91,3,6,2,8,5,0,0,1
32583,2173,59,1,1,0,1,1,10,1,1,0,2,7,0,0,1
62568,2242,58,1,1,0,0,1,99,3,5,3,5,4,1,0,0
44635,2420,49,1,0,1,0,0,25,2,2,0,3,7,0,0,1
33316,2427,49,1,0,1,0,0,34,3,2,1,4,6,0,0,1
63967,2483,52,1,1,0,0,1,57,3,4,4,12,2,0,0,0
52513,2822,42,0,1,0,0,0,84,2,9,5,9,7,0,0,0
25293,2446,51,1,1,0,1,0,51,1,1,1,2,8,0,0,1
54111,2467,55,1,0,1,0,0,97,2,5,2,6,5,0,0,0
78394,2658,34,1,1,0,0,0,13,1,4,6,5,2,0,0,0
80739,2561,62,1,1,0,0,0,92,1,3,11,9,1,0,0,0
22669,2562,45,1,1,0,1,0,30,3,4,1,2,9,0,0,1
29236,2423,33,1,0,1,0,0,30,2,4,0,3,9,0,0,1
44911,2630,61,1,1,0,0,1,11,3,4,1,4,7,0,0,1
54693,2656,58,1,1,0,0,1,72,8,6,4,13,6,0,0,0
48186,2260,46,1,1,0,1,0,39,3,4,1,4,7,0,0,1
54809,2450,43,1,1,0,1,1,0,4,2,1,5,4,0,0,0
41580,2725,42,1,1,0,1,1,15,3,2,1,3,5,0,0,1
80336,2452,50,1,1,0,0,0,12,1,2,9,13,1,0,0,0
47743,2623,63,1,1,0,0,1,56,3,4,1,6,6,1,0,1
62972,2854,65,0,1,0,0,1,39,2,7,4,3,6,0,0,0
57333,2804,66,1,0,1,0,0,55,11,8,5,9,6,0,0,0
32313,2662,38,1,1,0,1,0,60,3,4,0,4,9,0,0,1
84953,2550,67,1,0,1,0,0,73,1,3,10,4,2,3,0,0
27071,2226,52,1,0,1,0,0,90,2,2,0,3,6,0,0,1
68148,2461,63,1,1,0,0,0,86,1,4,4,6,2,0,0,0
65735,2363,55,1,1,0,1,1,37,5,6,2,6,7,0,0,0
86836,2814,45,1,1,0,0,0,7,1,6,10,6,5,3,0,0
4023,2165,57,1,1,0,1,1,29,15,0,0,0,19,0,0,1
30093,2515,30,1,1,0,0,0,19,1,2,0,3,7,0,0,1
57705,2328,54,1,1,0,0,1,14,3,8,1,6,6,0,0,0
25008,2306,32,1,0,1,0,0,72,2,1,0,3,8,0,0,1
83257,2808,25,0,0,1,0,0,56,1,5,10,12,6,2,1,0
22280,2565,45,1,1,0,1,0,85,1,1,0,2,8,0,0,1
72159,2767,42,1,1,0,0,0,62,1,4,6,10,2,0,0,0
64260,2693,59,1,1,0,0,0,1,1,4,5,4,3,0,0,0
82733,2451,36,1,0,1,0,0,28,1,8,4,7,4,0,0,0
74290,2480,49,1,0,1,0,0,70,4,10,8,10,6,2,0,0
58217,2748,69,1,0,1,0,0,84,1,2,0,4,6,0,0,0
21024,2519,44,1,1,0,0,0,89,1,2,0,4,7,0,0,1
70116,2678,48,1,1,0,0,0,73,1,2,8,12,1,0,0,0
54006,2808,35,1,1,0,1,0,42,2,8,1,7,7,0,0,0
69063,2758,54,1,1,0,0,1,16,1,5,3,5,3,0,0,0
11448,2355,45,0,0,1,0,0,16,1,1,0,2,6,0,0,1
61825,2485,41,1,0,1,0,0,56,1,4,2,8,4,0,0,0
70886,2417,49,1,1,0,1,0,65,1,5,4,4,2,0,0,0
69109,2756,38,1,1,0,0,0,10,1,6,6,7,4,1,0,0
60208,2789,47,1,0,1,0,0,13,11,8,3,7,7,1,0,0
32889,2455,52,1,1,0,1,1,78,3,2,1,3,5,0,0,1
34738,2208,36,1,0,1,0,0,51,1,1,0,3,6,0,0,1
30538,2795,49,1,1,0,1,0,27,4,9,0,4,10,0,0,1
82326,2270,43,0,1,0,0,0,30,1,5,10,6,2,3,0,0
26642,2279,53,1,0,1,0,0,71,2,2,0,3,6,0,0,1
69932,2541,56,1,0,1,0,0,97,2,7,6,11,4,0,0,0
44503,2233,48,1,0,1,0,0,83,2,2,0,3,6,0,0,1
60200,2702,72,1,0,1,0,0,3,6,6,2,11,6,0,0,0
49638,2230,68,1,0,1,0,0,71,1,1,0,3,2,0,0,1
23830,2301,33,0,0,1,0,0,3,1,1,0,3,7,0,0,1
33051,2841,61,1,0,1,0,0,15,3,9,1,8,9,0,0,1
72905,2318,62,1,1,0,0,0,52,1,3,7,9,1,1,0,0
69702,2654,69,1,1,0,0,1,8,2,7,7,10,4,0,0,0
70300,2508,45,1,0,1,0,0,89,3,5,5,13,8,0,0,0
70643,2781,36,1,1,0,0,0,66,1,5,8,4,6,0,0,0
30396,2219,51,1,1,0,1,0,22,2,1,1,2,7,1,0,1
50616,2231,52,1,0,1,0,0,56,2,4,0,4,7,0,0,1
62772,2565,51,1,0,1,0,0,74,1,5,6,11,2,1,0,0
30298,2200,35,1,0,1,0,0,48,1,1,1,3,3,0,0,1
52413,2762,36,1,0,1,0,0,67,2,7,1,7,7,0,0,0
44155,2320,63,1,1,0,1,1,24,1,1,1,2,4,0,0,1
86979,2393,49,1,0,1,0,0,67,1,5,5,5,2,1,0,0
76532,2452,45,1,1,0,1,1,38,4,9,5,7,5,0,0,0
42081,2647,38,1,1,0,1,0,86,2,6,3,4,6,1,0,1
67546,2826,32,1,1,0,0,0,90,1,4,10,5,3,0,0,0
88420,2217,31,1,1,0,0,0,87,1,4,7,8,1,3,0,0
31158,2677,35,1,1,0,1,0,62,2,2,0,3,8,0,0,1
61671,2185,52,1,0,1,0,0,23,8,10,4,6,8,2,0,0
69719,2193,46,1,0,1,0,0,99,1,2,3,5,1,0,0,0
49160,2411,71,1,0,1,0,0,29,2,3,1,6,6,0,0,1
24882,2817,42,0,1,0,1,0,52,1,1,1,2,6,1,0,1
90933,2249,66,1,0,1,0,0,90,1,4,6,4,1,1,0,0
113734,2191,75,1,0,1,0,0,9,0,27,0,0,1,0,0,0
59292,2540,70,1,1,0,0,1,71,2,3,5,8,3,0,0,0
45759,2650,56,1,1,0,1,1,13,2,2,0,3,7,0,0,1
22148,2236,37,1,0,1,0,0,16,1,1,0,3,7,0,0,1
73395,2262,33,1,1,0,0,0,94,1,4,4,6,2,0,0,0
29819,2407,49,1,0,1,0,0,77,3,3,0,3,6,0,0,1
45688,2314,52,1,1,0,0,1,20,2,3,1,8,4,1,0,1
62820,2573,66,1,1,0,0,0,51,1,3,4,6,1,0,0,0
60491,2455,49,1,1,0,0,1,81,4,6,11,7,5,0,0,0
33235,2303,34,1,1,0,1,0,71,1,3,0,3,7,0,0,1
35701,2626,61,1,1,0,0,0,36,1,1,0,3,6,0,0,1
31535,2435,40,1,1,0,1,0,95,1,1,1,2,7,1,0,1
92556,2229,60,0,1,0,0,0,32,0,3,5,13,0,0,0,0
67384,2755,50,1,0,1,0,0,32,2,7,8,5,5,1,0,0
80573,2782,49,1,1,0,0,0,85,1,4,6,13,2,0,0,0
77870,2835,53,1,1,0,0,1,93,3,5,5,5,8,2,0,0
52278,2679,57,1,0,1,0,0,24,6,10,5,10,8,0,0,0
57107,2833,52,1,0,1,0,0,44,7,4,4,8,8,2,0,0
18929,2657,30,1,1,0,0,0,15,1,1,0,4,6,0,0,1
36038,2553,39,1,0,1,0,0,82,2,3,0,3,6,0,0,1
20180,2653,44,1,0,1,0,0,27,1,2,1,4,7,0,0,1
34230,2709,55,1,1,0,1,1,72,1,1,0,2,7,0,0,1
31878,2166,43,0,0,1,0,0,7,1,1,0,4,3,0,0,1
70932,2320,48,0,1,0,0,1,57,2,6,2,12,3,0,0,0
91249,2776,64,1,0,1,0,0,84,0,7,9,6,4,4,0,0
77598,2430,77,1,0,1,0,0,53,1,7,5,13,3,1,0,0
80982,2696,61,1,0,1,0,0,48,3,11,5,11,5,0,1,0
22701,2456,43,1,1,0,1,0,2,1,1,0,3,5,0,0,1
55212,2742,51,1,1,0,0,1,65,3,4,2,11,8,2,0,0
70617,2530,50,1,1,0,0,0,45,1,3,3,7,2,0,0,0
64849,2752,63,1,0,1,0,0,42,1,9,3,6,5,0,0,0
62694,2536,55,1,1,0,1,1,29,5,9,3,7,7,0,0,0
61917,2380,46,1,1,0,1,1,83,1,2,0,4,5,0,0,0
67472,2433,73,1,1,0,0,1,93,2,4,2,7,3,0,0,0
21059,2332,38,1,1,0,1,0,40,3,3,0,3,6,0,0,1
29543,2248,52,1,1,0,2,0,47,2,3,1,2,7,0,0,1
75903,2606,69,1,1,0,0,1,50,2,6,6,9,3,0,0,0
34984,2820,45,0,1,0,1,1,40,2,1,0,3,7,0,0,1
54998,2635,64,1,0,1,0,0,3,5,4,2,9,4,0,0,0
54356,2746,71,1,0,1,0,0,62,3,11,2,8,8,0,0,0
34242,2257,61,1,1,0,0,1,25,1,0,0,3,5,0,0,1
25410,2461,47,1,1,0,1,0,48,1,1,0,4,4,0,0,1
73356,2302,36,1,1,0,0,0,56,1,5,11,5,2,3,0,0
28320,2690,70,1,1,0,0,1,68,1,1,0,3,8,0,0,1
23763,2850,43,1,0,1,0,0,64,1,1,0,3,7,0,0,1
72570,2224,36,1,1,0,0,0,67,1,4,6,12,1,0,0,0
34529,2812,44,1,1,0,1,0,94,2,2,2,3,7,0,0,1
70792,2667,69,1,0,1,0,0,82,2,3,4,10,3,0,0,0
63211,2763,38,1,1,0,0,0,3,2,3,8,7,2,0,0,0
83891,2168,46,1,1,0,0,1,24,1,4,7,10,1,0,0,0
36065,2614,52,1,0,1,0,0,54,3,3,0,3,8,0,0,1
39898,2661,66,1,1,0,0,1,20,2,3,0,4,7,0,0,1
51141,2515,80,1,0,1,0,0,96,1,3,1,4,5,0,0,1
56939,2443,44,1,1,0,0,1,19,2,3,3,10,3,0,0,0
80872,2207,69,1,0,1,0,0,60,1,4,4,10,1,0,0,0
72335,2844,44,1,1,0,0,0,2,1,10,4,8,8,0,0,0
61798,2377,56,1,0,1,0,0,13,1,4,2,9,4,0,0,0
76842,2216,70,1,0,1,0,0,37,1,1,8,7,0,0,0,0
29478,2322,44,1,1,0,1,0,59,1,1,0,3,6,0,0,1
46998,2774,64,1,0,1,0,0,55,5,5,3,5,7,1,0,1
96843,2591,30,1,0,1,0,0,60,1,6,11,10,2,1,0,0
56551,2212,70,1,0,1,0,0,48,3,2,1,4,4,0,0,0
70053,2520,55,1,1,0,0,1,38,3,8,5,10,5,0,0,0
71670,2514,58,1,0,1,0,0,8,1,5,3,6,6,3,0,0
44359,2171,42,1,1,0,1,1,19,3,2,0,4,3,0,0,1
40887,2578,68,1,0,1,0,0,32,3,3,1,3,9,0,0,1
48877,2334,54,1,0,1,0,0,27,1,3,0,4,7,0,0,1
74485,2468,73,1,1,0,0,0,58,1,6,7,12,3,0,0,0
64474,2409,48,1,1,0,0,1,59,2,8,2,10,5,0,0,0
77226,2280,57,1,1,0,0,1,29,2,6,8,12,3,0,0,0
72643,2646,71,1,0,1,0,0,60,1,3,10,7,2,1,0,0
85738,2316,42,1,1,0,0,0,41,1,3,6,11,1,2,0,0
55686,2659,54,1,0,1,0,0,27,2,6,3,5,4,1,0,0
39062,2255,37,1,0,1,0,0,28,1,1,0,3,4,1,0,1
34600,2703,49,1,1,0,1,1,8,5,5,2,5,8,0,0,1
40794,2607,45,1,1,0,0,1,18,2,6,3,5,7,0,0,1
54690,2393,49,0,1,0,1,1,76,3,3,1,5,3,0,0,0
4428,2426,51,1,1,0,0,1,0,0,25,0,0,1,0,0,1
32632,2855,57,0,1,0,0,0,32,2,4,4,8,5,0,0,1
38236,2441,52,1,0,1,0,0,2,4,3,0,4,7,0,0,1
36781,2239,41,1,1,0,1,0,16,1,2,1,2,8,0,0,1
31385,2730,36,1,0,1,0,0,56,1,1,0,2,8,1,0,1
24570,2646,36,1,1,0,1,0,97,3,4,0,4,9,0,0,1
25509,2808,46,1,0,1,0,0,15,3,3,0,3,9,0,0,1
94642,2296,69,1,1,0,0,0,35,0,5,7,9,1,2,0,0
58646,2543,58,1,1,0,0,1,3,1,2,1,4,4,0,0,0
53201,2661,45,1,0,1,0,0,49,8,6,3,5,7,0,0,0
21994,2711,63,1,1,0,0,1,4,1,0,0,3,5,0,0,1
57113,2667,42,1,1,0,1,1,45,6,4,1,5,7,0,0,0
51373,2531,29,1,1,0,0,0,37,1,3,5,3,4,0,0,1
23477,2410,34,1,1,0,1,0,39,3,3,0,4,8,0,0,1
58116,2236,64,1,1,0,0,1,38,2,3,3,8,2,0,0,0
72968,2354,57,1,0,1,0,0,8,1,5,5,8,3,1,0,0
39791,2617,49,1,1,0,0,1,89,2,3,1,4,7,0,0,1
91712,2414,73,1,0,1,0,0,47,0,9,7,11,3,1,0,0
94472,2246,62,1,0,1,0,0,75,1,5,5,5,5,2,0,0
13672,2597,60,1,1,0,1,1,86,2,1,0,3,8,0,0,1
96547,2196,40,0,1,0,0,0,4,0,7,6,8,2,3,0,0
79205,2828,45,1,1,0,0,0,73,1,6,5,4,4,1,0,0
56559,2710,45,1,1,0,0,1,46,3,4,3,8,4,0,0,0
32644,2688,47,1,1,0,1,0,38,4,7,1,6,8,1,0,1
67506,2337,40,0,0,1,0,0,73,1,4,1,6,3,0,0,0
24206,2637,50,1,0,1,0,0,66,1,1,0,3,6,0,0,1
28420,2346,53,1,0,1,0,0,36,1,1,0,2,6,0,0,1
22979,2820,50,1,1,0,1,0,29,3,3,2,2,8,0,0,1
33279,2176,54,1,0,1,0,0,29,1,0,0,3,3,0,0,1
46423,2443,48,1,0,1,0,0,6,3,2,0,4,7,0,0,1
30368,2393,43,1,1,0,0,1,97,2,2,0,3,8,0,0,1
63684,2739,50,1,1,0,0,1,61,3,8,4,8,5,0,0,0
41638,2660,56,1,0,1,0,0,68,4,5,5,3,8,1,0,1
68805,2444,61,1,0,1,0,0,73,1,3,1,7,2,0,0,0
65814,2278,54,1,1,0,0,1,90,3,8,2,10,5,0,0,0
71964,2564,62,1,0,1,0,0,81,1,5,6,5,3,0,0,0
39146,2659,34,1,0,1,0,0,1,3,4,0,4,8,0,0,1
96876,2486,43,1,1,0,0,0,79,1,7,7,9,2,3,0,0
34445,2677,39,0,1,0,0,0,92,6,11,2,8,9,0,0,1
68281,2850,62,1,0,1,0,0,31,1,2,9,13,5,0,0,0
37284,2616,45,0,1,0,1,1,46,1,0,0,3,6,0,0,1
36790,2644,37,1,1,0,0,0,14,1,2,1,2,9,0,0,1
27943,2599,53,1,1,0,1,1,89,3,2,0,3,8,0,0,1
22263,2250,69,1,0,1,0,0,31,2,1,0,3,6,0,1,1
30261,2801,48,1,1,0,1,2,75,1,0,0,3,8,0,0,1
28587,2296,42,1,1,0,1,0,42,3,2,0,4,6,0,0,1
43815,2609,38,1,1,0,1,0,53,1,2,0,3,6,0,0,1
48195,2318,64,1,1,0,1,1,53,6,4,2,5,6,0,0,1
77027,2303,68,1,1,0,0,1,23,2,8,3,6,4,0,0,0
71322,2657,55,1,1,0,0,1,57,2,8,5,13,4,0,0,0
32765,2285,41,1,1,0,1,0,49,2,2,0,4,5,0,0,1
29672,2633,55,1,1,0,1,1,6,1,0,0,3,6,0,0,1
23272,2414,67,1,0,1,0,0,29,1,1,0,3,4,0,0,1
49912,2819,71,1,1,0,0,1,5,4,10,5,7,8,1,0,1
7500,2856,35,0,1,0,1,0,98,4,2,1,3,9,0,0,1
68117,2635,73,1,0,1,0,0,80,2,11,8,4,6,1,0,0
67225,2374,65,1,1,0,0,1,4,3,7,2,11,5,0,0,0
17649,2388,44,1,1,0,1,0,70,3,3,0,3,8,0,0,1
55914,2585,45,1,1,0,0,1,32,4,11,6,8,7,0,0,0
40059,2433,36,1,1,0,1,0,82,1,6,2,3,8,1,0,1
60905,2365,70,1,1,0,0,1,27,2,3,3,7,2,0,0,0
75330,2792,43,1,1,0,1,1,94,4,10,3,12,6,0,0,0
60689,2552,69,1,0,1,0,0,23,4,4,4,10,3,0,0,0
38680,2617,36,1,1,0,1,0,97,1,2,0,3,7,0,0,1
61416,2665,38,1,1,0,0,0,25,1,10,3,10,6,1,0,0
49767,2582,29,1,0,1,0,0,92,1,5,4,8,4,0,0,1
83273,2801,50,1,0,1,0,0,98,10,4,6,9,7,0,0,0
29009,2371,39,1,1,0,1,0,19,2,2,0,3,6,0,0,1
45057,2369,41,1,1,0,1,0,80,1,2,0,3,5,0,0,1
37150,2815,49,1,1,0,1,0,80,8,4,3,6,7,0,0,1
43020,2370,50,1,0,1,0,0,79,3,4,1,4,6,0,0,1
53154,2179,61,1,1,0,0,1,50,1,3,1,4,4,0,0,0
65308,2450,47,1,1,0,0,0,60,1,7,8,12,4,2,0,0
76467,2840,50,1,0,1,0,0,44,2,2,5,5,6,0,0,0
81044,2343,73,0,1,0,0,0,0,1,5,6,10,1,0,0,0
32871,2636,69,1,1,0,1,1,28,1,1,0,3,4,0,0,1
55801,2439,45,1,0,1,0,0,35,6,7,2,6,7,1,0,0
76320,2166,61,1,0,1,0,0,49,2,6,3,4,2,0,0,0
36927,2186,65,1,0,1,0,0,46,2,3,0,3,8,0,0,1
48794,2162,67,1,1,0,1,1,97,1,1,0,3,4,0,0,1
23478,2626,55,1,0,1,0,0,51,1,3,0,3,8,0,0,1
71128,2790,47,1,0,1,0,0,80,3,2,10,12,7,0,0,0
70179,2502,44,1,0,1,0,0,10,3,7,3,13,5,0,0,0
59462,2699,70,1,1,0,0,1,29,2,9,2,12,7,0,0,0
38361,2343,51,1,1,0,1,0,74,3,3,1,3,7,0,0,1
70038,2406,38,1,1,0,0,0,54,1,4,4,8,2,0,0,0
42554,2692,42,1,1,0,1,1,93,2,2,0,3,4,0,0,1
67445,2845,46,1,1,0,0,1,63,5,9,6,12,6,0,0,0
67046,2698,69,1,0,1,0,0,92,2,4,5,4,2,0,0,0
42192,2455,72,1,1,0,0,0,40,1,2,1,3,4,0,0,1
77610,2767,68,1,1,0,0,1,70,2,4,7,4,7,0,0,0
31761,2244,36,1,1,0,1,0,96,2,3,0,4,5,0,0,1
34350,2412,41,1,1,0,1,0,81,1,1,0,3,7,0,0,1
54591,2487,71,1,1,0,0,1,63,3,6,2,8,5,0,0,0
71866,2345,64,1,1,0,0,1,85,1,6,3,10,3,0,0,0
25293,2446,51,1,1,0,1,0,51,1,1,1,2,8,0,0,1
42000,2694,33,1,0,1,0,0,23,2,5,2,11,5,0,0,1
69520,2516,37,1,1,0,0,0,95,1,9,6,5,5,0,0,0
64713,2301,50,1,0,1,0,0,11,2,5,5,7,4,0,0,0
27889,2518,43,1,1,0,1,0,42,1,1,1,2,6,0,0,1
22123,2253,60,0,0,1,0,0,77,1,2,1,3,5,0,0,1
27803,2831,47,1,1,0,1,0,40,2,3,0,4,8,0,0,1
51651,2758,60,1,1,0,0,1,32,4,6,2,5,8,0,0,1
68487,2691,32,1,1,0,0,0,48,1,9,7,13,4,0,0,0
56796,2657,51,1,1,0,0,1,24,3,8,9,7,7,0,0,0
87000,2720,28,0,1,0,0,0,61,1,4,6,7,2,0,0,0
79823,2249,61,1,1,0,0,1,6,1,6,9,7,2,1,0,0
30828,2427,40,1,0,1,0,0,16,2,1,1,4,3,0,0,1
34109,2394,49,1,1,0,0,1,39,1,0,0,3,4,0,0,1
53367,2461,46,1,0,1,0,0,2,7,5,1,8,7,0,0,0
22390,2410,51,0,1,0,0,0,49,1,1,0,2,7,0,0,1
71322,2217,44,1,1,0,0,1,31,1,4,1,7,2,0,0,0
79244,2716,27,1,0,1,0,0,58,1,4,10,7,1,2,0,0
49912,2819,71,1,1,0,0,1,5,4,10,5,7,8,1,0,1
48699,2563,70,1,1,0,1,1,90,1,1,0,3,5,0,0,1
80144,2431,45,1,1,0,0,0,47,1,3,7,8,1,0,0,0
54252,2556,64,1,0,1,0,0,25,5,4,1,5,6,0,0,0
81929,2797,44,1,1,0,1,0,60,2,4,4,10,6,2,0,0
76068,2736,45,1,1,0,0,1,67,1,2,3,4,6,2,0,0
53204,2260,44,1,1,0,1,1,40,1,1,0,3,4,0,0,0
67911,2197,71,1,1,0,0,1,63,3,6,7,11,3,0,0,0
14796,2809,36,0,1,0,1,0,1,2,1,0,3,9,0,0,1
78128,2289,46,1,1,0,0,1,89,2,8,4,6,3,2,0,0
14188,2645,48,0,1,0,0,0,40,1,2,0,4,6,0,0,1
20425,2767,34,0,1,0,1,0,5,2,2,0,3,7,0,0,1
58646,2543,58,1,1,0,0,1,3,1,2,1,4,4,0,0,0
72967,2720,50,1,0,1,0,0,1,2,7,2,8,5,1,0,0
48150,2545,71,1,1,0,0,1,24,3,5,1,4,7,0,0,1
82332,2809,59,1,0,1,0,0,89,1,5,3,12,2,1,0,0
58275,2551,65,1,0,1,0,0,48,6,8,2,7,7,0,0,0
44953,2714,39,1,1,0,0,0,31,1,7,3,13,6,1,0,1
34587,2203,67,1,1,0,1,1,68,2,1,0,3,4,0,0,1
43018,2399,46,1,1,0,0,1,46,1,2,2,2,5,0,0,1
45736,2499,66,1,1,0,0,1,92,5,7,1,6,7,0,0,1
66476,2366,51,1,1,0,0,1,80,2,6,8,10,4,0,0,0
27733,2466,39,0,1,0,1,0,16,2,2,0,3,7,0,0,1
69805,2318,68,1,1,0,0,1,50,2,6,8,11,2,0,0,0
72217,2604,58,1,0,1,0,0,93,1,3,10,8,2,0,0,0
25818,2778,49,1,0,1,0,0,51,1,0,1,2,7,0,0,1
37509,2814,44,1,1,0,1,0,24,2,3,0,4,7,0,0,1
25176,2482,44,0,1,0,1,1,79,1,1,0,2,7,0,0,1
43586,2827,40,1,1,0,0,1,26,3,3,0,4,8,0,0,1
53230,2854,64,0,1,0,0,1,86,4,5,2,12,5,0,0,0
50116,2168,63,1,1,0,1,1,68,2,1,0,4,5,1,0,1
84906,2427,48,1,1,0,0,0,98,1,5,6,12,2,3,0,0
61286,2490,54,1,1,0,0,1,34,2,7,1,8,5,0,0,0
82333,2615,34,1,1,0,0,0,60,1,4,3,10,2,1,0,0
65220,2823,55,1,1,0,0,0,3,4,8,4,7,6,0,0,0
33590,2397,46,1,1,0,2,1,65,1,1,0,2,7,0,0,1
30992,2592,44,1,0,1,0,0,83,1,1,0,3,7,0,0,1
72309,2634,44,1,0,1,0,0,64,1,5,6,8,3,1,0,0
16005,2843,40,0,1,0,1,0,69,3,2,1,2,8,0,0,1
65487,2329,63,1,0,1,0,0,48,3,3,5,6,2,0,0,0
58692,2243,55,1,1,0,0,1,21,1,8,2,4,7,0,0,0
40590,2429,51,1,0,1,0,0,30,5,3,4,3,6,1,0,1
20587,2208,50,1,0,1,0,0,39,1,1,1,2,7,0,0,1
62637,2279,66,1,0,1,0,0,76,1,2,2,5,2,0,0,0
29435,2851,54,1,0,1,0,0,11,4,3,2,2,9,0,0,1
19346,2309,46,1,0,1,0,0,26,1,1,0,3,8,0,0,1
35788,2316,49,1,1,0,1,1,34,2,2,0,3,6,0,0,1
36997,2672,52,1,0,1,0,0,72,5,2,1,4,5,0,0,1
23539,2280,63,1,1,0,0,0,13,1,2,0,4,6,0,0,1
65333,2322,47,1,0,1,0,0,58,7,9,4,8,6,2,0,0
78499,2377,63,1,0,1,0,0,12,1,11,3,4,4,1,0,0
29732,2255,49,1,1,0,1,0,23,1,2,0,2,9,0,0,1
41275,2256,60,1,1,0,1,2,33,4,3,1,3,5,0,0,1
63516,2517,47,1,1,0,1,1,30,4,4,1,7,5,0,0,0
42769,2419,58,1,1,0,0,1,15,2,1,1,4,4,0,0,1
49572,2355,62,1,1,0,1,1,25,2,2,0,3,7,0,0,1
69209,2809,48,1,1,0,0,0,4,2,5,3,6,4,1,0,0
17148,2311,44,1,1,0,1,0,80,4,3,1,3,8,0,0,1
40590,2429,51,1,0,1,0,0,30,5,3,4,3,6,1,0,1
30560,2526,44,1,1,0,1,0,6,1,1,0,3,7,0,0,1
32146,2207,37,0,1,0,1,0,16,2,2,0,4,6,0,0,1
41713,2220,56,0,0,1,0,0,57,5,3,1,4,6,0,0,1
34176,2317,45,1,1,0,0,1,9,1,1,0,3,3,0,0,1
58482,2268,65,1,1,0,0,1,59,2,7,4,9,6,1,0,0
59686,2314,55,1,0,1,0,0,78,1,4,1,6,4,0,0,0
60896,2785,56,1,1,0,0,1,90,3,9,10,4,6,0,0,0
62994,2276,40,1,1,0,1,0,74,1,6,2,4,6,0,0,0
47320,2491,63,1,1,0,0,1,10,6,5,1,8,6,0,0,1
74859,2550,71,0,0,1,0,0,63,1,6,5,11,3,1,0,0
15253,2403,28,0,0,1,0,0,13,2,1,0,3,7,0,0,1
31560,2529,46,1,0,1,0,0,98,2,2,1,3,8,0,0,1
72071,2659,66,1,0,1,0,0,4,3,5,4,8,2,0,0,0
91172,2618,30,1,0,1,0,0,94,0,4,3,7,3,4,0,0
90000,2347,36,1,1,0,0,0,91,1,4,8,5,1,3,0,0
41967,2377,39,1,0,1,0,0,66,1,1,0,3,4,0,0,1
69263,2275,55,1,0,1,0,0,14,1,9,1,7,6,1,0,0
65706,2525,50,0,0,1,0,0,77,1,11,3,12,7,3,0,0
60934,2322,45,1,1,0,0,1,41,2,6,4,11,4,0,0,0
71965,2494,69,1,1,0,0,1,21,3,6,3,5,3,0,0,0
65210,2270,65,1,1,0,0,1,25,2,9,3,8,6,2,0,0
79174,2693,45,1,1,0,0,0,2,1,5,6,7,2,2,0,0
81380,2713,53,1,0,1,0,0,51,1,4,2,10,2,0,0,0
48432,2778,47,1,0,1,0,0,3,5,7,1,6,8,0,0,1
52914,2697,49,1,1,0,0,1,32,2,7,3,3,7,1,0,0
38946,2407,65,1,1,0,0,1,84,2,3,1,6,5,0,0,1
26067,2396,46,1,1,0,1,0,49,3,3,0,3,8,0,0,1
44325,2638,48,1,1,0,0,1,69,4,8,2,7,8,1,0,1
42523,2226,56,1,1,0,0,0,96,1,1,1,4,2,0,0,1
26487,2564,42,0,0,1,0,0,23,3,2,1,3,5,0,0,1
53233,2262,63,0,1,0,0,1,18,1,1,0,3,4,0,0,0
67716,2694,60,1,1,0,0,1,8,4,7,4,13,5,1,0,0
76234,2302,48,1,1,0,0,1,21,1,8,3,11,3,1,0,0
84117,2208,64,1,1,0,0,0,60,1,7,10,6,2,1,0,0
65487,2329,63,1,1,0,0,0,48,3,3,5,6,2,0,0,0
25224,2264,48,0,1,0,1,0,36,2,1,1,3,3,0,0,1
89616,2648,37,1,0,1,0,0,36,1,7,5,12,2,0,0,0
40851,2652,49,1,0,1,0,0,63,1,1,1,2,7,0,0,1
27469,2855,73,1,1,0,0,0,2,1,0,0,3,6,0,0,1
82347,2759,63,0,1,0,0,0,38,1,7,7,10,3,2,0,0
73803,2856,63,1,1,0,0,1,61,2,9,5,6,6,1,0,0
8820,2623,68,1,0,1,0,0,52,4,3,0,3,8,0,0,1
43322,2228,46,1,0,1,0,0,25,1,3,0,4,7,0,0,1
55593,2471,47,1,1,0,0,1,63,2,6,6,3,6,1,0,0
50501,2535,66,1,1,0,1,1,10,7,5,4,4,6,1,0,1
37085,2162,45,1,1,0,1,1,65,4,3,0,3,8,0,0,1
16185,2487,30,0,0,1,0,0,71,2,2,2,2,8,0,0,1
57731,2742,51,1,0,1,0,0,0,4,8,8,6,6,0,0,0
48432,2778,47,1,0,1,0,0,3,5,7,1,6,8,0,0,1
73807,2702,42,1,1,0,0,1,88,2,5,5,11,2,0,0,0
18929,2657,30,1,1,0,0,0,15,1,1,0,4,6,0,0,1
35893,2781,52,1,0,1,0,0,80,6,3,1,5,8,0,0,1
61014,2846,40,1,1,0,0,1,17,4,9,3,4,7,0,0,0
32144,2257,66,1,1,0,1,1,76,4,2,1,3,7,1,0,1
14918,2728,57,0,1,0,0,1,52,1,1,0,3,6,0,0,1
45146,2508,57,1,0,1,0,0,28,2,1,1,2,4,0,0,1
41769,2660,65,0,0,1,0,0,31,6,8,1,7,8,0,0,1
88325,2303,39,1,1,0,0,0,42,1,6,2,9,2,0,0,0
38054,2218,70,1,0,1,0,0,24,2,2,0,3,7,0,0,1
80617,2784,25,0,0,1,0,0,42,1,4,6,8,2,0,0,0
5305,2493,44,1,1,0,0,1,12,0,1,0,0,13,0,0,1
36807,2715,66,1,1,0,1,1,88,1,1,0,2,6,0,0,1
28427,2624,37,1,1,0,1,0,67,2,2,0,3,8,0,0,1
82032,2244,72,1,0,1,0,0,54,0,4,6,7,1,0,0,0
22775,2534,42,1,1,0,1,0,40,1,1,0,2,8,0,0,1
40101,2782,35,1,1,0,1,0,73,4,6,1,6,7,0,0,1
58025,2374,41,1,1,0,0,1,81,3,3,2,10,4,0,0,0
75777,2519,38,1,0,1,0,0,12,1,3,6,11,1,2,0,0
7500,2577,41,0,1,0,1,0,7,4,3,2,2,7,0,0,1
33562,2163,57,1,1,0,1,2,33,3,2,0,4,4,0,0,1
57642,2330,50,1,0,1,0,0,24,3,7,6,6,4,1,0,0
58554,2800,52,1,1,0,1,1,55,6,8,2,6,7,0,0,0
63777,2621,41,1,1,0,1,1,87,8,11,1,6,8,0,0,0
57967,2642,58,1,0,1,0,0,39,5,4,2,8,5,0,0,0
24434,2201,48,1,1,0,2,0,9,2,2,1,2,7,0,0,1
11012,2629,36,1,0,1,0,0,82,3,3,1,2,9,1,0,1
44802,2836,50,1,0,1,0,0,71,2,9,4,12,8,0,0,1
26816,2840,34,1,0,1,0,0,50,1,0,0,3,4,0,0,1
34421,2522,46,1,1,0,1,0,81,1,1,0,2,7,0,0,1
61223,2540,53,1,1,0,0,1,46,2,9,3,4,5,0,0,0
64014,2178,74,1,1,0,2,1,56,7,8,2,5,7,1,0,0
56981,2314,39,1,0,1,0,0,91,1,2,3,13,6,1,0,0
69245,2315,64,1,1,0,0,1,8,2,6,5,10,3,0,0,0
52869,2781,66,1,1,0,1,1,40,3,3,1,4,7,0,0,0
